,Time,Source,Text,Compound,Positive,Neutral,Negative,Tweets Ago
0,Wed Oct 03 05:39:38 +0000 2018,BBCNews,Westminster attack: The issues raised by the inquest https://t.co/D3bF1v0psA,-0.4767,0.0,0.721,0.279,0
1,Wed Oct 03 05:31:58 +0000 2018,BBCNews,News Daily: Fuel duty freeze and Trump on Kavanaugh claims https://t.co/U6ujONgEMj,0.0516,0.107,0.893,0.0,1
2,Wed Oct 03 05:05:35 +0000 2018,BBCNews,Redoine Faid: French gangster recaptured three months after jailbreak https://t.co/CQhXD0p56d,0.0,0.0,1.0,0.0,2
3,Wed Oct 03 04:53:51 +0000 2018,BBCNews,Kavanaugh investigation: FBI 'hasn't spoken to Christine Blasey Ford' https://t.co/XIzPLMx2P9,0.0,0.0,1.0,0.0,3
4,Wed Oct 03 04:02:25 +0000 2018,BBCNews,Emmerdale: All-female cast in International Women's Day episode https://t.co/cdHKimVo8A,0.0,0.0,1.0,0.0,4
5,Wed Oct 03 03:43:02 +0000 2018,BBCNews,Jolyon Palmer column: Why Mercedes were right to use team orders https://t.co/hdumYbK3W0,0.0,0.0,1.0,0.0,5
6,Wed Oct 03 02:38:47 +0000 2018,BBCNews,Harry and Meghan make first Sussex visit as Duke and Duchess https://t.co/L8oZdHE1oP,0.0,0.0,1.0,0.0,6
7,Wed Oct 03 02:27:08 +0000 2018,BBCNews,US ends diplomatic visas for UN same-sex partners https://t.co/GhFGXlR2E0,0.0,0.0,1.0,0.0,7
8,Wed Oct 03 02:23:08 +0000 2018,BBCNews,"Freeze on fuel duty to continue, PM to announce https://t.co/Ilxyyoq21y",0.0516,0.118,0.882,0.0,8
9,Wed Oct 03 00:54:49 +0000 2018,BBCNews,Man stabbed on London Overground train at Hackney Central https://t.co/8F1mwg5K0B,-0.4404,0.0,0.756,0.244,9
10,Wed Oct 03 00:31:40 +0000 2018,BBCNews,Ryder Cup: Brooks Koepka 'heartbroken' over fan blinded in one eye https://t.co/tK37IcUp77,0.3182,0.173,0.827,0.0,10
11,Wed Oct 03 00:27:59 +0000 2018,BBCNews,Should a university teach a killer? https://t.co/Q8x8oHEMfe,-0.6486,0.0,0.482,0.518,11
12,Wed Oct 03 00:00:18 +0000 2018,BBCNews,Architectural Photography Awards 2018 shortlist revealed https://t.co/F2KQs5M57G,0.4588,0.333,0.667,0.0,12
13,Tue Oct 02 23:48:50 +0000 2018,BBCNews,Costa Coffee advert banned for criticising avocado breakfasts https://t.co/4ZLcwPPmPB,-0.6908,0.0,0.551,0.449,13
14,Tue Oct 02 23:45:16 +0000 2018,BBCNews,Where does rent hit young people the hardest in Britain? https://t.co/8GXxWbdtVG,0.0,0.0,1.0,0.0,14
15,Tue Oct 02 23:41:46 +0000 2018,BBCNews,Trump taxes: New York authorities examine president's tax affairs https://t.co/zOJq1tp9N5,0.0,0.0,1.0,0.0,15
16,Tue Oct 02 22:36:23 +0000 2018,BBCNews,Newspaper headlines: A big day for May https://t.co/L0JEYOEvgg,0.0,0.0,1.0,0.0,16
17,Tue Oct 02 21:55:26 +0000 2018,BBCNews,"‚ÄúLegislate so that we can all finally celebrate‚Äù üéä

Couples will soon be able to choose a civil partnership instead‚Ä¶ https://t.co/g6Jv1VSF1B",0.0,0.0,1.0,0.0,17
18,Tue Oct 02 21:46:28 +0000 2018,BBCNews,"Wednesday‚Äôs Daily Star
‚ÄúWhat a load of claptrap‚Äù

#tomorrowspaperstoday
#bbcpapers
(via @AllieHBNews) https://t.co/Z1ZGsZ4ZLs",0.0,0.0,1.0,0.0,18
19,Tue Oct 02 21:31:59 +0000 2018,BBCNews,"Wednesday‚Äôs Times
‚ÄúMay insists best days are still to come for Britain‚Äù

#tomorrowspaperstoday
#bbcpapers
(via‚Ä¶ https://t.co/ZYMwkq4BVx",0.6369,0.219,0.781,0.0,19
20,Tue Oct 02 21:20:02 +0000 2018,BBCNews,"Wednesday‚Äôs Daily Mail
‚ÄúDaggers Drawn‚Äù

#tomorrowspaperstoday
#bbcpapers
(via @AllieHBNews) https://t.co/PpVGiEaW63",0.0,0.0,1.0,0.0,20
21,Tue Oct 02 21:19:50 +0000 2018,BBCNews,"Wednesday‚Äôs Guardian 
‚ÄúMay appeals to ‚Äòdecent patriots‚Äô in effort to halt Johnson leadership bid‚Äù‚Ä¶ https://t.co/mb6wTwljZz",0.0,0.0,1.0,0.0,21
22,Tue Oct 02 21:17:40 +0000 2018,BBCNews,"Wednesday‚Äôs Daily Express
‚ÄúTime To Believe In Brexit Britain‚Äù 

#tomorrowspaperstoday
#bbcpapers
(via @AllieHBNews) https://t.co/g0Y5p26ODW",0.0,0.0,1.0,0.0,22
23,Tue Oct 02 21:15:33 +0000 2018,BBCNews,"Wednesday‚Äôs i 
‚ÄúMay versus Johnson for soul of the Tories""

#tomorrowspaperstoday
#bbcpapers
(via @AllieHBNews) https://t.co/FZw08bcLTK",0.0,0.0,1.0,0.0,23
24,Tue Oct 02 21:13:37 +0000 2018,BBCNews,"RT @BBCWorld: These goats work for @CityofEdmonton as weed-eating machines 

Tap to expand üêêüêêüêêhttps://t.co/IYySrnSt2E https://t.co/67uzEPLk‚Ä¶",0.3182,0.141,0.859,0.0,24
25,Tue Oct 02 21:07:26 +0000 2018,BBCNews,"RT @BBCNewsnight: ""I'm going to vote against Chequers... because it is not Brexit, it is not delivering on the referendum result"" - Jacob R‚Ä¶",0.0,0.0,1.0,0.0,25
26,Tue Oct 02 21:06:30 +0000 2018,BBCNews,"RT @BBCSport: FT Man Utd 0-0 Valencia

Boos ring around Old Trafford.

Reaction üëâ https://t.co/sBQ5ZPvDWK #bbcfootball https://t.co/Tlbflh1‚Ä¶",0.0,0.0,1.0,0.0,26
27,Tue Oct 02 21:05:53 +0000 2018,BBCNews,"Wednesday‚Äôs Daily Telegraph
‚ÄúCabinet demands May sets a date to quit‚Äù

#tomorrowspaperstoday
#bbcpapers
(via‚Ä¶ https://t.co/Pp9u5HxCYK",0.0,0.0,1.0,0.0,27
28,Tue Oct 02 21:05:42 +0000 2018,BBCNews,"Wednesday‚Äôs Metro 
‚ÄúWe Don‚Äôt Need EU, Says PM‚Äù

#tomorrowspaperstoday
#bbcpapers
(via @AllieHBNews) https://t.co/WDA0HR9BXz",0.0,0.0,1.0,0.0,28
29,Tue Oct 02 21:01:09 +0000 2018,BBCNews,Flog It! axed as part of BBC One daytime shake-up https://t.co/LLi08Ifx7P,-0.3802,0.0,0.794,0.206,29
30,Tue Oct 02 20:25:32 +0000 2018,BBCNews,"Wednesday‚Äôs Financial Times
‚ÄúAmazon raises minimum wage as critics prompt Bezos to ‚Äòlisten‚Äô‚Äù

#tomorrowspaperstoday‚Ä¶ https://t.co/TbhcrtyWuQ",-0.296,0.0,0.864,0.136,30
31,Tue Oct 02 20:18:26 +0000 2018,BBCNews,Dunkin' Donuts workers sacked after homeless man drenched https://t.co/CcAML4GqCs,0.0,0.0,1.0,0.0,31
32,Tue Oct 02 20:17:06 +0000 2018,BBCNews,This Morning: ITV show receives special Bafta on its 30th birthday https://t.co/32NxP7oeLM,0.4019,0.197,0.803,0.0,32
33,Tue Oct 02 20:17:02 +0000 2018,BBCNews,Westminster attack: Unarmed officer tried to 'tackle' Masood https://t.co/lz1Ikm1aBP,-0.4767,0.0,0.721,0.279,33
34,Tue Oct 02 19:58:19 +0000 2018,BBCNews,"RT @BBCSport: HT Man Utd 0-0 Valencia 

Just the two shots on target in the first half at Old Trafford.

üìª @5liveSport 
üëâ https://t.co/sBQ5‚Ä¶",0.0,0.0,1.0,0.0,34
35,Tue Oct 02 19:16:35 +0000 2018,BBCNews,"What a welcome back from maternity leave! ü§ó‚ù§Ô∏è 

Hugs for Kate at her first engagement since having Prince Louis in‚Ä¶ https://t.co/JA1iwEVrR5",0.8516,0.356,0.599,0.045,35
36,Tue Oct 02 19:15:29 +0000 2018,BBCNews,RT @BBCWorld: S-300 missile system: Russia upgrades Syrian air defences https://t.co/WX3MHuC8Ni,-0.0516,0.0,0.893,0.107,36
37,Tue Oct 02 18:50:59 +0000 2018,BBCNews,"Indonesia tsunami: Death toll rises to nearly 1,350

https://t.co/GVvjyMQBWf https://t.co/WD613br5jt",-0.5994,0.0,0.698,0.302,37
38,Tue Oct 02 18:49:21 +0000 2018,BBCNews,"RT @BBCSport: FT Hoffenheim 1-2 Man City 

David Silva wins it for Pep Guardiola's side late on.

Reaction üëâ https://t.co/sBQ5ZPvDWK #bbcfo‚Ä¶",0.5719,0.163,0.837,0.0,38
39,Tue Oct 02 18:29:12 +0000 2018,BBCNews,RT @BBCWorld: Google to stream Assassin's Creed for free in test https://t.co/3GfEaaagOd,0.5106,0.231,0.769,0.0,39
40,Tue Oct 02 18:25:54 +0000 2018,BBCNews,RT @BBCWorld: Saudi woman 'barred from marrying man who played musical instrument' https://t.co/we9rnouw9J,0.34,0.167,0.833,0.0,40
41,Tue Oct 02 18:25:01 +0000 2018,BBCNews,RT @BBCWorld: Tesla production hits all time high https://t.co/zz0bqn8JiD,0.0,0.0,1.0,0.0,41
42,Tue Oct 02 18:23:14 +0000 2018,BBCNews,RT @BBCWorld: Irish to consult on EU proposals to end 'daylight hours' https://t.co/ItZ1HQlByM,0.0,0.0,1.0,0.0,42
43,Tue Oct 02 18:23:10 +0000 2018,BBCNews,RT @BBCWorld: 'Ricin poison' packages sent to Pentagon https://t.co/nG7jjKbAw3,-0.5423,0.0,0.696,0.304,43
44,Tue Oct 02 18:22:58 +0000 2018,BBCNews,RT @BBCNorthAmerica: Trump: 'Scary and difficult time for young men' in US https://t.co/pIXt5ZlrvE,-0.6908,0.0,0.659,0.341,44
45,Tue Oct 02 17:44:09 +0000 2018,BBCNews,Could Blockchain solve Irish border issue? https://t.co/ZCaMyK8j4h,0.2023,0.231,0.769,0.0,45
46,Tue Oct 02 17:37:37 +0000 2018,BBCNews,"Civil partnerships: It may not be a traditional proposal, but it isn‚Äôt a traditional wedding üíçüíç

https://t.co/Fc4ABp1STU",0.0,0.0,1.0,0.0,46
47,Tue Oct 02 17:31:06 +0000 2018,BBCNews,The women standing up for science https://t.co/yZq7zEiw4q,0.0,0.0,1.0,0.0,47
48,Tue Oct 02 17:22:38 +0000 2018,BBCNews,Civil partnerships: 'I want it to happen before my partner dies' https://t.co/NZ6AZLGAlM,0.0772,0.106,0.894,0.0,48
49,Tue Oct 02 16:44:17 +0000 2018,BBCNews,"""Boris Johnson annoys ministers - but they can't ignore him"" 

https://t.co/0bQrs2b010",0.1938,0.212,0.637,0.151,49
50,Tue Oct 02 16:43:27 +0000 2018,BBCNews,Did whales washed up in Scotland die from the bends? https://t.co/5fLslcIfhs,-0.5994,0.0,0.719,0.281,50
51,Tue Oct 02 16:14:10 +0000 2018,BBCNews,"RT @BBCPolitics: ""There are one or two things that Boris said that I am cross about"" - Theresa May reacts to Boris Johnson speech at #CPC18‚Ä¶",0.0,0.0,1.0,0.0,51
52,Tue Oct 02 16:06:50 +0000 2018,BBCNews,RT @bbclaurak: PM slams Johnson on Northern Ireland and admits ‚Äòthere are one or two things that Boris said that I am cross about‚Äô - for th‚Ä¶,0.296,0.084,0.916,0.0,52
53,Tue Oct 02 16:03:27 +0000 2018,BBCNews,Black Mirror 'asks viewers' to choose their own adventure https://t.co/baahQmP4Ko,0.3182,0.204,0.796,0.0,53
54,Tue Oct 02 15:23:24 +0000 2018,BBCNews,Learning disabilities care 'far from home' https://t.co/Owiu86HCLv,0.4939,0.348,0.652,0.0,54
55,Tue Oct 02 15:22:00 +0000 2018,BBCNews,"RT @BBCSport: Champions League ‚úÖ
EFL Cup ‚úÖ
Championship ‚úÖ
League One ‚úÖ
League Two ‚úÖ

It's a busy night of football tonight.

Here's what's‚Ä¶",0.743,0.27,0.73,0.0,55
56,Tue Oct 02 15:05:01 +0000 2018,BBCNews,"Manchester University student union bans clapping 

https://t.co/7s30ZeWvWh üëêüèΩ",0.0,0.0,1.0,0.0,56
57,Tue Oct 02 14:50:59 +0000 2018,BBCNews,Grenfell Tower: Five things firefighters told us about the fire https://t.co/iTzJB9z8Ft,-0.34,0.0,0.806,0.194,57
58,Tue Oct 02 14:50:51 +0000 2018,BBCNews,Cambridge plans to recruit poorer students https://t.co/IWc3ZFu94z,-0.3612,0.0,0.706,0.294,58
59,Tue Oct 02 14:50:30 +0000 2018,BBCNews,"RT @BBCWorldatOne: ""It‚Äôs like being on a Tory party safari here, spotting the different tribes and packs‚Äù @BBCBenWright assess the mood at‚Ä¶",0.6369,0.215,0.785,0.0,59
60,Tue Oct 02 14:10:05 +0000 2018,BBCNews,Antidepressant withdrawal 'hits millions' https://t.co/5yGu3JgK4B,0.0258,0.216,0.784,0.0,60
61,Tue Oct 02 13:59:54 +0000 2018,BBCNews,EU migration: Which industries employ European workers? https://t.co/aPN71zd9Hk,0.0,0.0,1.0,0.0,61
62,Tue Oct 02 13:23:51 +0000 2018,BBCNews,Asda driver 'refuses to help pregnant woman with shopping' https://t.co/79Cbp0CT2n,0.4019,0.231,0.769,0.0,62
63,Tue Oct 02 13:12:10 +0000 2018,BBCNews,"He was on a trunk road üçÉ

https://t.co/w8il0AqAsW",0.0,0.0,1.0,0.0,63
64,Tue Oct 02 12:42:51 +0000 2018,BBCNews,"RT @BBCPolitics: ""This is the moment to chuck Chequers"" 

Boris Johnson is cheered at #CPC18 as he sets out his alternative vision for #Bre‚Ä¶",0.6486,0.194,0.806,0.0,64
65,Tue Oct 02 12:34:09 +0000 2018,BBCNews,"RT @BBCPolitics: Boris Johnson says Theresa May's #Brexit plan will leave UK ""locked in the tractor beam of Brussels"", as he sets out case‚Ä¶",-0.0516,0.0,0.95,0.05,65
66,Tue Oct 02 12:24:05 +0000 2018,BBCNews,Woman snaps suspected Bournemouth thief sitting in her car https://t.co/coSfp4pv9l,-0.6486,0.0,0.602,0.398,66
67,Tue Oct 02 12:23:45 +0000 2018,BBCNews,"RT @ChrisMasonBBC: Boris Johnson has a direct pop at the Prime Minister on stop and search, met with applause in the hall: ""let‚Äôs bring bac‚Ä¶",0.1531,0.104,0.815,0.081,67
68,Tue Oct 02 12:19:04 +0000 2018,BBCNews,"RT @BBCPolitics: ""If I have a function here today, it is to try - with all humility - to put some lead into the collective pencil""

Boris J‚Ä¶",0.0,0.0,1.0,0.0,68
69,Tue Oct 02 12:17:01 +0000 2018,BBCNews,"RT @bbclaurak: Corbyn, housing, praise for Thatcher, this is what we would euphemistically call a ‚Äòwide ranging speech‚Äô - a blatant pitch f‚Ä¶",0.5574,0.159,0.841,0.0,69
70,Tue Oct 02 12:10:41 +0000 2018,BBCNews,RT @bbckamal: Boris Johnson @BorisJohnson says his friend Philip Hammond's prediction that the former foreign secretary will never be prime‚Ä¶,0.4939,0.144,0.856,0.0,70
71,Tue Oct 02 11:53:25 +0000 2018,BBCNews,"RT @BBCPolitics: Home Secretary Sajid Javid announces major review of all use of illegal drugs as part of his fight against ""drugs and gang‚Ä¶",-0.7351,0.0,0.78,0.22,71
72,Tue Oct 02 11:53:03 +0000 2018,BBCNews,Amazon raises wages for lower-paid workers https://t.co/BLz4kVdYR3,0.1779,0.221,0.779,0.0,72
73,Tue Oct 02 11:50:02 +0000 2018,BBCNews,"RT @BBCPolitics: Home Secretary Sajid Javid says he's instructed his officials to look ""unflinchingly"" into any cultural factors driving Pa‚Ä¶",0.0,0.0,1.0,0.0,73
74,Tue Oct 02 11:47:14 +0000 2018,BBCNews,"Dancing on Ice casts Gemma Collins, Richard Blackwood and Brian McFadden https://t.co/hlsho6c9LE",0.0,0.0,1.0,0.0,74
75,Tue Oct 02 11:45:04 +0000 2018,BBCNews,"RT @DannyShawBBC: Home Secretary @sajidjavid pledges overhaul of Life in the UK citizenship test to turn it from a ""pub quiz"" to a ""British‚Ä¶",0.0,0.0,1.0,0.0,75
76,Tue Oct 02 11:44:56 +0000 2018,BBCNews,RT @DannyShawBBC: Home Secretary @sajidjavid promises to extend powers to strip dual-citizens of their British citizenship. Already used on‚Ä¶,0.5106,0.202,0.798,0.0,76
77,Tue Oct 02 11:27:08 +0000 2018,BBCNews,Cristiano Ronaldo rape allegation: Las Vegas police reopen case https://t.co/kI3RAefbr1,-0.6908,0.0,0.657,0.343,77
78,Tue Oct 02 11:10:36 +0000 2018,BBCNews,William Billingham sentenced to life in jail with a minimum term of 27 years after being found guilty of murdering‚Ä¶ https://t.co/WVrw0rTUHm,-0.4404,0.0,0.822,0.178,78
79,Tue Oct 02 11:07:07 +0000 2018,BBCNews,Man shot in arm and six arrested in Birmingham raid https://t.co/aF27NgCorP,-0.4767,0.0,0.763,0.237,79
80,Tue Oct 02 10:37:38 +0000 2018,BBCNews,"RT @BBCBreaking: Heterosexual couples in England &amp; Wales to be given right to enter into civil partnerships rather than marriage, Theresa M‚Ä¶",0.0,0.0,1.0,0.0,80
81,Tue Oct 02 10:22:06 +0000 2018,BBCNews,"RT @BBCSport: SPOTY is back - and there are some big changes.

The BBC Sports Personality of the Year 2018 contenders will be revealed on t‚Ä¶",0.0,0.0,1.0,0.0,81
82,Tue Oct 02 10:15:14 +0000 2018,BBCNews,"Laser breakthroughs win physics #NobelPrize 

https://t.co/P8GdAERoah",0.5859,0.432,0.568,0.0,82
83,Tue Oct 02 09:53:07 +0000 2018,BBCNews,RT @VictoriaLIVE: 'The idea that if middle-class cocaine snorters stopped would have any impact on violent crime in London is laughable‚Äô sa‚Ä¶,-0.8519,0.0,0.671,0.329,83
84,Tue Oct 02 09:16:05 +0000 2018,BBCNews,"Should students be told how to take drugs safely?

https://t.co/WpCFmcUJ0I https://t.co/R6gwnA44oJ",0.4939,0.242,0.758,0.0,84
85,Tue Oct 02 09:00:25 +0000 2018,BBCNews,RT @BBCSport: Winter Olympic gold medallist Amy Williams says her skeleton career took such a toll on her body that she has been forced to‚Ä¶,-0.4588,0.0,0.885,0.115,85
86,Tue Oct 02 08:59:44 +0000 2018,BBCNews,'Shameful' use of restraints on disabled patients https://t.co/B16IY5gEhH,0.0,0.0,1.0,0.0,86
87,Tue Oct 02 08:56:04 +0000 2018,BBCNews,Vaginismus: When your body just says no to sex https://t.co/jeUsTgjQWQ,-0.296,0.0,0.804,0.196,87
88,Tue Oct 02 07:57:48 +0000 2018,BBCNews,"RT @BBCSport: It sounds horrific.

A spectator hit by a Brooks Koepka tee shot at the Ryder Cup says she has lost sight in her right eye an‚Ä¶",-0.7717,0.0,0.782,0.218,88
89,Tue Oct 02 07:36:43 +0000 2018,BBCNews,"RT @BBCNormanS: Theresa May seemingly determined to carry on as PM after Brexit  - whatever the doubts of Tory MPs. ""I'm in this for the lo‚Ä¶",0.0516,0.087,0.833,0.08,89
90,Tue Oct 02 07:22:41 +0000 2018,BBCNews,RT @bbckamal: PM @theresa_may does not rule out preferential treatment for EU immigrants as part of a future trade deal. Says immigration i‚Ä¶,0.0,0.0,1.0,0.0,90
91,Tue Oct 02 07:01:05 +0000 2018,BBCNews,"""It is not in the national interest to have a general election"" - PM Theresa May tells @BBCBreakfast‚Ä¶ https://t.co/suP3NzclBF",0.4588,0.158,0.842,0.0,91
92,Tue Oct 02 06:59:18 +0000 2018,BBCNews,"Indonesia death toll rises over 1,200 https://t.co/lFc14mqSjb",-0.5994,0.0,0.606,0.394,92
93,Tue Oct 02 06:48:21 +0000 2018,BBCNews,Liam Payne: There's 'definitely a chance 1D will reunite' https://t.co/BvxKJER4lM,0.5719,0.402,0.598,0.0,93
94,Tue Oct 02 06:41:43 +0000 2018,BBCNews,"RT @BBCMaryam: A study shows Britons are working harder and faster than at any time in the past 25 years, but productivity has stagnated. H‚Ä¶",0.0,0.0,1.0,0.0,94
95,Tue Oct 02 05:37:19 +0000 2018,BBCNews,"News Daily: May's immigration promise, and middle-class drug use targeted https://t.co/3XTjsY7hdg",0.3182,0.187,0.813,0.0,95
96,Tue Oct 02 03:02:21 +0000 2018,BBCNews,"RT @SallyBundockBBC: Sir Tim Berners-Lee warns ""the web has evolved into an engine of inequity and division"". Do you agree? Are you concern‚Ä¶",0.2732,0.1,0.843,0.056,96
97,Tue Oct 02 02:53:05 +0000 2018,BBCNews,Indonesian quake: Bodies found in church buried by landslide https://t.co/KvjQdlznfb,0.0,0.0,1.0,0.0,97
98,Tue Oct 02 02:42:26 +0000 2018,BBCNews,Conservative conference: Middle-class drug users to be targeted - Sajid Javid https://t.co/h0PYhHzGU1,0.0,0.0,1.0,0.0,98
99,Tue Oct 02 02:15:46 +0000 2018,BBCNews,Conor McGregor v Khabib Nurmagomedov: Irishman vows to end UFC 229 by 'devastating knockout' https://t.co/KOyj3u6Y6f,-0.6486,0.0,0.751,0.249,99
100,Wed Oct 03 05:33:03 +0000 2018,CBSNews,"Louis C.K. returns to Comedy Cellar one month after ""comeback"" performance https://t.co/VEtTvllcLN https://t.co/Nf4IMJGsKA",0.3612,0.172,0.828,0.0,0
101,Wed Oct 03 05:24:04 +0000 2018,CBSNews,Notorious French gangster who fled prison in helicopter caught: AFP https://t.co/UCteXL8JCd https://t.co/g4AIfzW94s,-0.7351,0.0,0.617,0.383,1
102,Wed Oct 03 05:18:04 +0000 2018,CBSNews,"Sen. Joni Ernst says corroboration of Ford's claims against Kavanaugh ""wasn't there"" https://t.co/XIINpsT8w4 https://t.co/SBHs1tf3Dn",0.0,0.0,1.0,0.0,2
103,Wed Oct 03 05:03:03 +0000 2018,CBSNews,"Turning to scientific outliers, EPA says a little radiation may be healthy https://t.co/Vi22P1eJlq https://t.co/b5DoCRphLT",0.4019,0.184,0.816,0.0,3
104,Wed Oct 03 04:48:02 +0000 2018,CBSNews,"Tom Petty's daughter reflects on the pain and catharsis of making ""An American Treasure"" https://t.co/igLsflTC2h https://t.co/VYqOE2NbK5",-0.2732,0.113,0.718,0.169,4
105,Wed Oct 03 04:33:04 +0000 2018,CBSNews,Democrats have a shot at Mississippi Senate seat in November https://t.co/IMS48GZRXO https://t.co/16Z9kBijQw,0.0,0.0,1.0,0.0,5
106,Wed Oct 03 04:24:06 +0000 2018,CBSNews,"Jason Kander drops out of Kansas City mayoral race, citing struggles with PTSD https://t.co/IFNPYAbKDp https://t.co/6x3kQZurAX",-0.3612,0.0,0.848,0.152,6
107,Wed Oct 03 04:18:03 +0000 2018,CBSNews,FBI agent shot by booby-trapped wheelchair in fortified home https://t.co/CR4oS1hlJW https://t.co/ztzZI3GhIQ,0.0,0.0,1.0,0.0,7
108,Wed Oct 03 04:10:05 +0000 2018,CBSNews,"In New Hampshire, Jeff Flake talks about Kavanaugh, laments ""sickness"" in political system https://t.co/KNVbsb4T06 https://t.co/nFgNqd601w",-0.3612,0.0,0.848,0.152,8
109,Wed Oct 03 04:03:03 +0000 2018,CBSNews,"Molly Ringwald says she's ""bothered"" by parts of ""Sixteen Candles"" in #MeToo era https://t.co/9QmFySKXxt https://t.co/9WIxCq7lVh",0.0,0.0,1.0,0.0,9
110,Wed Oct 03 03:58:06 +0000 2018,CBSNews,Firefighters discover 3 bear cubs trapped in garbage bin and help them escape https://t.co/XquBORKyJU https://t.co/lEKltAwZht,0.0,0.234,0.585,0.181,10
111,Wed Oct 03 03:48:03 +0000 2018,CBSNews,"Grassley asks Air Force why squadron bought $1,280 coffee cups https://t.co/KhEF41Leqm https://t.co/GkPzsIa0x1",0.0,0.0,1.0,0.0,11
112,Wed Oct 03 03:33:03 +0000 2018,CBSNews,"Lawsuit seeks to stop FEMA's ""Presidential Alert"" system to cellphones citing First Amendment violation‚Ä¶ https://t.co/SgAtF1kzYQ",-0.2263,0.12,0.656,0.224,12
113,Wed Oct 03 03:18:02 +0000 2018,CBSNews,Americans to receive cellphone alert from Trump in first national test https://t.co/8l0H8KXYDs https://t.co/ojIzqaRaZY,0.296,0.155,0.845,0.0,13
114,Wed Oct 03 03:03:03 +0000 2018,CBSNews,Brett Kavanaugh was named in police report on altercation at bar near Yale in 1985 https://t.co/FSC5W6a2U4 https://t.co/4rmDvaYHcS,0.0,0.0,1.0,0.0,14
115,Wed Oct 03 02:49:29 +0000 2018,CBSNews,J.C. Penney's new CEO Jill Soltau takes on a turnaround challenge https://t.co/ffSrfS4zfM https://t.co/F5yCtnOOi0,0.0772,0.106,0.894,0.0,15
116,Wed Oct 03 02:31:39 +0000 2018,CBSNews,"Justin Bieber and Hailey Baldwin reportedly tied the knot in ""intimate"" ceremony in a courthouse this September.‚Ä¶ https://t.co/7BBu8Lu16m",0.0,0.0,1.0,0.0,16
117,Wed Oct 03 01:59:34 +0000 2018,CBSNews,The Secret Service is investigating a suspicious letter addressed to Pres. Trump. Two packages addressed to top Pen‚Ä¶ https://t.co/UlnClTLfEs,-0.1779,0.089,0.788,0.123,17
118,Wed Oct 03 01:36:23 +0000 2018,CBSNews,"WATCH: President Trump mocks Dr. Christine Blasey Ford's testimony during a rally Tuesday night, then states ‚Äúa man‚Ä¶ https://t.co/vQjQ072au3",-0.4588,0.0,0.85,0.15,18
119,Wed Oct 03 01:19:33 +0000 2018,CBSNews,Body of 53-year-old missing hiker found in Great Smoky Mountain National Park https://t.co/oK5XpG4jkO https://t.co/o8osX98lwY,0.4404,0.224,0.656,0.12,19
120,Wed Oct 03 01:00:01 +0000 2018,CBSNews,"New York tax officials reviewing New York Times report alleging Pres. Trump ""participated in dubious tax schemes du‚Ä¶ https://t.co/kFNCTKPX0M",-0.3612,0.0,0.878,0.122,20
121,Wed Oct 03 00:40:17 +0000 2018,CBSNews,"‚ÄúThink of your son. Think of your husband,‚Äù says Pres. Trump at Miss. rally, after calling Kavanaugh a ‚Äúperfect hum‚Ä¶ https://t.co/mRPfggFYpC",-0.1531,0.0,0.922,0.078,21
122,Wed Oct 03 00:40:03 +0000 2018,CBSNews,Brett Kavanaugh proceedings: Can a Supreme Court justice be impeached? https://t.co/Mu43BYpVoz https://t.co/gjvsSAvlsE,0.7906,0.438,0.562,0.0,22
123,Wed Oct 03 00:25:56 +0000 2018,CBSNews,"‚Äú...Because of the fact that maybe it‚Äôs true, he should not become a United States Supreme Court justice. How horri‚Ä¶ https://t.co/Z36o0n0M5y",0.816,0.348,0.569,0.083,23
124,Wed Oct 03 00:04:26 +0000 2018,CBSNews,HAPPENING NOW: President Trump greets supporters in Mississippi during campaign style rally. https://t.co/YDPwoLrnod https://t.co/6xwLxpHXRy,0.5423,0.273,0.727,0.0,24
125,Tue Oct 02 23:59:57 +0000 2018,CBSNews,"""He didn't seem like a threat at first"": Man arrested for allegedly trying to buy an 8-year-old girl from her mothe‚Ä¶ https://t.co/oG0CmzxHSt",-0.3472,0.107,0.693,0.2,25
126,Tue Oct 02 23:39:36 +0000 2018,CBSNews,HOMEWARD BOUND: A 17-year-old dachshund who was missing for 5 years was reunited with her Connecticut family this w‚Ä¶ https://t.co/0nUKaXzhZd,-0.296,0.0,0.885,0.115,26
127,Tue Oct 02 23:25:22 +0000 2018,CBSNews,HUMANITARIAN CRISIS: Two disasters ‚Äî a powerful earthquake and a tsunami ‚Äî hit Indonesia late last week. More than‚Ä¶ https://t.co/PDYIrPiTe1,-0.7672,0.116,0.536,0.348,27
128,Tue Oct 02 23:25:07 +0000 2018,CBSNews,"RT @CBSEveningNews: Meet the ‚Äúeco-warriors‚Äù -- former Marines, Navy SEALs and Special Ops veterans who have embarked on dive missions to sa‚Ä¶",0.4019,0.114,0.886,0.0,28
129,Tue Oct 02 23:19:35 +0000 2018,CBSNews,The U.S. says same-sex partners of UN staff will have to marry or leave https://t.co/oFnKS8eoFz https://t.co/dofFKWUcM6,-0.0516,0.0,0.926,0.074,29
130,Tue Oct 02 22:57:00 +0000 2018,CBSNews,"RT @CBSEveningNews: Secret Service confirmed a suspicious envelope was addressed to Pres. Trump; it was not received at the WH.

Two other‚Ä¶",-0.3612,0.0,0.889,0.111,30
131,Tue Oct 02 22:57:00 +0000 2018,CBSNews,"RT @CBSEveningNews: Fred Trump, Pres. Trump‚Äôs father, relied upon fraudulent tax schemes to transfer hundreds of millions of dollars to his‚Ä¶",-0.4939,0.0,0.862,0.138,31
132,Tue Oct 02 22:44:00 +0000 2018,CBSNews,"RT @CBSEveningNews: The FBI could wrap its investigation into sexual misconduct claims against Brett Kavanaugh as early as Tuesday night, s‚Ä¶",0.0,0.0,1.0,0.0,32
133,Tue Oct 02 22:29:46 +0000 2018,CBSNews,"FBI agent shot by booby-trapped wheelchair in home fortified with makeshift weapons, including a circular hot tub t‚Ä¶ https://t.co/Gecto3SP0G",-0.4404,0.0,0.854,0.146,33
134,Tue Oct 02 22:09:32 +0000 2018,CBSNews,Hundreds of guns stolen from Tennessee UPS facility recovered outside Chicago https://t.co/7hKrdb3Dny https://t.co/dzzIQFIgTR,-0.4939,0.0,0.789,0.211,34
135,Tue Oct 02 21:50:00 +0000 2018,CBSNews,Here's how the U.S.-Mexico-Canada trade deal changes the landscape https://t.co/xbrMgIp1q8 https://t.co/jzWewoZbK1,0.0,0.0,1.0,0.0,35
136,Tue Oct 02 21:29:52 +0000 2018,CBSNews,Man loses legs after contracting rare blood infection from dog saliva https://t.co/vIhBYlyIkR https://t.co/4vXNksmDXh,-0.3182,0.0,0.839,0.161,36
137,Tue Oct 02 21:19:57 +0000 2018,CBSNews,"President Trump: ""This is a very scary time for young men in America."" https://t.co/2OuJNNlUgf https://t.co/PjzGbqeC3s",-0.5413,0.0,0.788,0.212,37
138,Tue Oct 02 20:59:35 +0000 2018,CBSNews,"Hillary Clinton on Brett Kavanaugh: ""There's a lot to be concerned about"" https://t.co/cPPgVadwlA https://t.co/EGOEg2BZOF",0.0,0.0,1.0,0.0,38
139,Tue Oct 02 20:40:08 +0000 2018,CBSNews,GARBAGE LOCKS AND THE THREE BEARS: These firefighters were determined to confront whoever was ransacking their garb‚Ä¶ https://t.co/qmhLQPkF94,0.1779,0.119,0.796,0.085,39
140,Tue Oct 02 20:19:30 +0000 2018,CBSNews,POTSHOTS: Pro-marijuana protesters confronted Maryland Rep. Andy Harris outside his office over his opposition to u‚Ä¶ https://t.co/acKAspcBSn,-0.4019,0.0,0.802,0.198,40
141,Tue Oct 02 19:59:51 +0000 2018,CBSNews,Four members of a militant white supremacist group from California arrested for allegedly trying to incite a riot a‚Ä¶ https://t.co/aKBtg8Eq9d,-0.7351,0.065,0.647,0.289,41
142,Tue Oct 02 19:39:35 +0000 2018,CBSNews,"""We listened to our critics"": Jeff Bezos, the richest man in the world, is now supporting the Fight for $15 minimum‚Ä¶ https://t.co/4azhZnlB2w",0.5719,0.226,0.681,0.093,42
143,Tue Oct 02 19:37:36 +0000 2018,CBSNews,"RT @CBSThisMorning: You‚Äôll be getting a text from President Trump beginning Wednesday at 2:18 p.m. ET -- and no, you can‚Äôt opt out: https:/‚Ä¶",-0.296,0.0,0.909,0.091,43
144,Tue Oct 02 19:19:50 +0000 2018,CBSNews,"Two packages with suspected ricin sent to Pentagon ‚Äî one addressed to Defense Secretary James Mattis, the other to‚Ä¶ https://t.co/wAwmKaqxqQ",-0.1027,0.074,0.833,0.093,44
145,Tue Oct 02 18:59:59 +0000 2018,CBSNews,"""CBS This Morning"" co-hosts share their favorite podcast interviews https://t.co/XO3U1JlYPy https://t.co/8LItumc33V",0.6369,0.366,0.634,0.0,45
146,Tue Oct 02 18:59:35 +0000 2018,CBSNews,HAPPENING NOW: President Trump is speaking at a convention in Philadelphia amid Supreme Court fight‚Ä¶ https://t.co/aQYYKPpRbF,0.5574,0.205,0.795,0.0,46
147,Tue Oct 02 18:43:18 +0000 2018,CBSNews,WATCH: Democratic Senators address Kavanaugh controversy https://t.co/8U8OrI51bu https://t.co/Jxk8XDRyal,0.0,0.0,1.0,0.0,47
148,Tue Oct 02 18:39:42 +0000 2018,CBSNews,Kids cost parents most when they're adults https://t.co/yKoDu2eU4j https://t.co/pHgEd4jgoQ,0.0,0.0,1.0,0.0,48
149,Tue Oct 02 18:32:02 +0000 2018,CBSNews,WATCH: GOP Senators are addressing the FBI's investigation of Kavanaugh and accusations against him‚Ä¶ https://t.co/eDunEYr8fh,-0.3182,0.0,0.859,0.141,49
150,Tue Oct 02 18:19:38 +0000 2018,CBSNews,Helicopter called to Penn State tailgate after crowd becomes rowdy https://t.co/QepCAEuZBg https://t.co/fICFVsww2Y,0.0,0.0,1.0,0.0,50
151,Tue Oct 02 18:14:47 +0000 2018,CBSNews,4 members of white supremacist group arrested in violent 2017 Charlottesville rally https://t.co/xc6hJHLVXY https://t.co/teljuGsfnn,-0.7579,0.081,0.541,0.378,51
152,Tue Oct 02 17:58:38 +0000 2018,CBSNews,"TAILGATE TERROR: When the crowd outside the Penn State-Ohio State game began assaulting police horses, the state po‚Ä¶ https://t.co/qb8GmnQlgP",-0.8143,0.0,0.696,0.304,52
153,Tue Oct 02 17:32:54 +0000 2018,CBSNews,"President Trump: ""I remember my college days, everybody was drinking. It was like normal. I was abnormal. It was to‚Ä¶ https://t.co/5Wj2T3dCDz",0.3612,0.116,0.884,0.0,53
154,Tue Oct 02 17:31:10 +0000 2018,CBSNews,President Trump: It's a scary time for young men. https://t.co/T86FLolQGG https://t.co/9Hu3XzYzXV,-0.4939,0.0,0.738,0.262,54
155,Tue Oct 02 17:24:02 +0000 2018,CBSNews,"WATCH: Pres. Trump says new trade deal with Canada and Mexico has gotten ""tremendous reviews.""‚Ä¶ https://t.co/BB0ldk4W52",0.0,0.0,1.0,0.0,55
156,Tue Oct 02 16:49:55 +0000 2018,CBSNews,"RT @CBSThisMorning: As the #CTMPodcast celebrates two years this week, @GayleKing, @jdickerson and @NorahODonnell share their favorite epis‚Ä¶",0.836,0.372,0.628,0.0,56
157,Tue Oct 02 16:44:32 +0000 2018,CBSNews,"U.N. nuke agency won't take Israel leader Benjamin Netanyahu's Iran allegations ""at face value""‚Ä¶ https://t.co/aIcXZHp9bI",0.0,0.0,1.0,0.0,57
158,Tue Oct 02 16:34:18 +0000 2018,CBSNews,WATCH: Rep. Nancy Pelosi addresses Kavanaugh accusations as FBI investigates Supreme Court nominee‚Ä¶ https://t.co/Su6kGEq4II,0.3182,0.201,0.67,0.128,58
159,Tue Oct 02 16:29:54 +0000 2018,CBSNews,Man wins $1 million in New Jersey lottery using fortune cookie numbers https://t.co/DcxRkf7HbJ https://t.co/ORS9M9ssh0,0.5719,0.222,0.778,0.0,59
160,Tue Oct 02 16:15:12 +0000 2018,CBSNews,The first ladies exchanged gifts and sat for a private tea for 30 minutes at Ghana's presidential palace on Tuesday‚Ä¶ https://t.co/9jG0U8sHX2,0.0,0.0,1.0,0.0,60
161,Tue Oct 02 16:08:44 +0000 2018,CBSNews,"Officials urge citizens not to approach murder suspect Kirby Wallace if seen, but to call authorities‚Ä¶ https://t.co/jOTGn6RPlN",0.1948,0.125,0.791,0.084,61
162,Tue Oct 02 16:04:53 +0000 2018,CBSNews,WATCH: Officials give an update on the manhunt for a murder suspect accused of killing two people in northern Tenne‚Ä¶ https://t.co/cmFOzvRkJI,-0.926,0.0,0.542,0.458,62
163,Tue Oct 02 16:00:53 +0000 2018,CBSNews,Hundreds stranded on Baltic Sea ferry after engine failure https://t.co/8GXiZaEEzd https://t.co/rdcIBa0YKd,-0.5106,0.0,0.752,0.248,63
164,Tue Oct 02 15:59:58 +0000 2018,CBSNews,Woman blinded in one eye by Brooks Koepka tee shot at Ryder Cup https://t.co/gRdtt4ljFe https://t.co/CSopiVfHX5,0.0,0.0,1.0,0.0,64
165,Tue Oct 02 15:44:38 +0000 2018,CBSNews,"""America To Me"": School committed to diversity confronted with its own inequity https://t.co/cxoX1iLjoB https://t.co/OnYA0LqbHj",0.0772,0.132,0.755,0.113,65
166,Tue Oct 02 15:30:01 +0000 2018,CBSNews,"Texas surf resort tested after surfer dies from ""brain-eating amoeba"" https://t.co/tSWdQ3Pxj2 https://t.co/WgssCx74Fo",0.0,0.0,1.0,0.0,66
167,Tue Oct 02 15:14:45 +0000 2018,CBSNews,Dunkin' Donuts fires workers for dumping water on homeless man https://t.co/UCSmK1jYTs https://t.co/7UVWzUtU3Q,-0.3182,0.0,0.827,0.173,67
168,Tue Oct 02 15:00:53 +0000 2018,CBSNews,This 8-year-old girl became a barber before starting 2nd grade. Now she gives free haircuts to neighborhood kids --‚Ä¶ https://t.co/oh9Abcagms,0.5106,0.155,0.845,0.0,68
169,Tue Oct 02 14:41:04 +0000 2018,CBSNews,NEW RECORD: Brazil's Maya Gaberia rode a 68-foot wave in Portugal and nearly drowned en route to become a world rec‚Ä¶ https://t.co/a8aFLLiSDN,-0.5994,0.0,0.83,0.17,69
170,Tue Oct 02 14:20:38 +0000 2018,CBSNews,"To kick off Breast Cancer Awareness Month, tennis great Serena Williams goes topless and sings ""I Touch Myself"" in‚Ä¶ https://t.co/vqomlhwLVI",-0.0772,0.155,0.679,0.166,70
171,Tue Oct 02 14:00:38 +0000 2018,CBSNews,"Tom Petty's daughter reflects on the pain and catharsis of making ""An American Treasure"" https://t.co/a1td4pq6Ij https://t.co/jsFMhatEzZ",-0.2732,0.113,0.718,0.169,71
172,Tue Oct 02 13:40:50 +0000 2018,CBSNews,"Senator Joni Ernst says her support of Judge Brett Kavanaugh shows women that ""we are innocent until proven guilty""‚Ä¶ https://t.co/pOLb7R0nLX",0.6249,0.221,0.779,0.0,72
173,Tue Oct 02 13:23:11 +0000 2018,CBSNews,"""I‚Äôve been to a lot of [Trump] rallies, but this is a first."" Halloween came early at last night's rally in Tenness‚Ä¶ https://t.co/EzGcGBzLoi",0.0,0.0,1.0,0.0,73
174,Tue Oct 02 13:04:41 +0000 2018,CBSNews,"Red tide likely spreads in Florida, causing breathing problems for beachgoers https://t.co/tJtDvv47BE https://t.co/jdGZ3QqiAv",-0.4019,0.0,0.816,0.184,74
175,Tue Oct 02 12:50:30 +0000 2018,CBSNews,"For the first time ever on Wednesday, Americans nationwide will receive an alert on their cell phones from Presiden‚Ä¶ https://t.co/ye1HX0S8MP",0.296,0.104,0.896,0.0,75
176,Tue Oct 02 12:47:31 +0000 2018,CBSNews,"A former top FBI official, who has been in contact with those involved in the Kavanaugh inquiry, described a ""war r‚Ä¶ https://t.co/MjG4ErCrJG",-0.4767,0.076,0.759,0.165,76
177,Tue Oct 02 12:41:16 +0000 2018,CBSNews,"This 8-year-old girl became a barber before even starting the 2nd grade, and now gives free haircuts to neighborhoo‚Ä¶ https://t.co/RSNuWqHOcQ",0.5106,0.155,0.845,0.0,77
178,Tue Oct 02 12:34:53 +0000 2018,CBSNews,Manhunt in Tennessee for suspect accused of killing 2 in violent crime spree https://t.co/P7fnkwitjY https://t.co/TLK55CaLl0,-0.9451,0.0,0.357,0.643,78
179,Tue Oct 02 12:33:51 +0000 2018,CBSNews,"RT @AnthonyMasonCBS: A year ago today, we lost @TomPetty His daughter, Adria Petty, talks about ‚ÄúAn American Treasure,‚Äù the new boxed set t‚Ä¶",-0.4767,0.0,0.83,0.17,79
180,Tue Oct 02 12:21:45 +0000 2018,CBSNews,"RT @NorahODonnell: ‚ÄúThese are the most courageous women I have ever met in my life. ... to see them sob like that, you understand the pain‚Ä¶",0.6361,0.205,0.729,0.066,80
181,Tue Oct 02 12:21:17 +0000 2018,CBSNews,"RT @CBSThisMorning: ‚ÄúThis does expand opportunity for our dairy farmers, for eggs and poultry going into Canada. And it levels the playing‚Ä¶",0.6249,0.203,0.797,0.0,81
182,Tue Oct 02 12:16:26 +0000 2018,CBSNews,RT @CBSThisMorning: ‚ÄúThe witnesses that she named have either denied those claims or cannot corroborate... I do believe that she has suffer‚Ä¶,-0.4404,0.0,0.873,0.127,82
183,Tue Oct 02 12:15:59 +0000 2018,CBSNews,"RT @CBSThisMorning: For the first time ever on Wednesday, Americans nationwide will receive an alert on their cell phones from President Tr‚Ä¶",0.296,0.095,0.905,0.0,83
184,Tue Oct 02 12:15:59 +0000 2018,CBSNews,RT @CBSThisMorning: ‚ÄúWhat message that sends to women in America is that we are innocent until proven guilty in this great country. And I h‚Ä¶,0.5719,0.215,0.693,0.092,84
185,Tue Oct 02 12:04:30 +0000 2018,CBSNews,"Death toll in earthquake, tsunami death toll in Indonesia passes 1,200 as officials continue to look for victims‚Ä¶ https://t.co/Z6UR2lRMdP",-0.8316,0.0,0.685,0.315,85
186,Tue Oct 02 11:53:35 +0000 2018,CBSNews,"RT @CBSThisMorning: .@Amazon announced this morning it will increase its minimum wage to $15 an hour. The change, starting next month, appl‚Ä¶",0.3182,0.099,0.901,0.0,86
187,Tue Oct 02 11:53:11 +0000 2018,CBSNews,RT @CBSThisMorning: Last night the @CBSThisMorning team won an Emmy for @NorahODonnell's report on sexual assault in the United States Air‚Ä¶,0.4019,0.23,0.636,0.134,87
188,Tue Oct 02 11:53:11 +0000 2018,CBSNews,"RT @NorahODonnell: COMING UP ON @CBSThisMorning - @SenJoniErnst speaks to us about the #Kavanaugh nomination: ""in the United States, people‚Ä¶",0.4215,0.135,0.865,0.0,88
189,Tue Oct 02 11:50:43 +0000 2018,CBSNews,New Mexico Democratic congressional candidate showcases her gun skills in ad https://t.co/Mp26G3E7bu https://t.co/gM1WmKssyB,-0.34,0.0,0.833,0.167,89
190,Tue Oct 02 11:34:35 +0000 2018,CBSNews,Tropical Storm Rosa set to drench Arizona and the Southwest with heavy rainfall https://t.co/YB5GFsmeXW https://t.co/n8HOVLmSug,0.0,0.0,1.0,0.0,90
191,Tue Oct 02 11:24:40 +0000 2018,CBSNews,"RT @CBSThisMorning: ‚ÄúThis is another one of those cases where there is dread within the FBI‚Ä¶ No matter which way this goes, they're not goi‚Ä¶",-0.6249,0.039,0.777,0.184,91
192,Tue Oct 02 11:24:13 +0000 2018,CBSNews,RT @CBSThisMorning: Indonesian authorities are desperately working to get food and other aid to victims of the devastating earthquake and t‚Ä¶,-0.8481,0.0,0.662,0.338,92
193,Tue Oct 02 11:23:42 +0000 2018,CBSNews,RT @CBSThisMorning: Parts of the southwestern U.S. are bracing for possible flash flooding from Tropical Depression Rosa as it moves in fro‚Ä¶,-0.5719,0.0,0.85,0.15,93
194,Tue Oct 02 11:20:22 +0000 2018,CBSNews,"Amazon says it will increase its minimum wage to $15 an hour for all U.S. workers, including part-time and temporar‚Ä¶ https://t.co/s80VZuMIRY",0.4588,0.174,0.826,0.0,94
195,Tue Oct 02 11:09:37 +0000 2018,CBSNews,"A trio of American, Canadian, and French scientists have won the Nobel Prize in physics for their work with lasers‚Ä¶ https://t.co/xda48e7jlu",0.7906,0.28,0.72,0.0,95
196,Tue Oct 02 11:07:48 +0000 2018,CBSNews,"RT @CBSThisMorning: We're live now with @GayleKing, @JDickerson and @NorahODonnell. Join us. https://t.co/YeIMpADEgL",0.296,0.155,0.845,0.0,96
197,Tue Oct 02 10:50:48 +0000 2018,CBSNews,"Ahead on @CBSThisMorning; Tom Petty's daughter honors the iconic singer, a year after his death. We'll talk to Adri‚Ä¶ https://t.co/Tq9pTKqWgz",-0.1531,0.136,0.702,0.161,97
198,Tue Oct 02 10:40:41 +0000 2018,CBSNews,"A former FBI top official describes a quote ""war room"" atmosphere around the Brett Kavanaugh inquiry. Learn what th‚Ä¶ https://t.co/NhIJVCzM5d",-0.4767,0.083,0.737,0.18,98
199,Tue Oct 02 10:25:35 +0000 2018,CBSNews,Soccer star Cristiano Ronaldo sued by a Nevada woman who said he raped her in the penthouse suite of a Las Vegas ho‚Ä¶ https://t.co/IoAa4H9rLo,-0.6808,0.0,0.82,0.18,99
200,Wed Oct 03 05:46:00 +0000 2018,CNN,"This district in West Virginia voted overwhelmingly for President Trump in the 2016 election. But now, a Democrat n‚Ä¶ https://t.co/cmonLVJ2sq",-0.128,0.0,0.923,0.077,0
201,Wed Oct 03 05:31:02 +0000 2018,CNN,"Apple is finally getting a llama emoji -- and a raccoon, bagel, frisbee and mosquito, too. Here's what to know abou‚Ä¶ https://t.co/vZtjy4rMl3",0.0,0.0,1.0,0.0,1
202,Wed Oct 03 05:16:00 +0000 2018,CNN,Sen. Bernie Sanders praises Jeff Bezos after Amazon announced it is raising its minimum wage at both Amazon and Who‚Ä¶ https://t.co/7APNWmWhUP,0.7003,0.274,0.726,0.0,2
203,Wed Oct 03 05:01:05 +0000 2018,CNN,An off-duty border patrol agent planned to shoot a rifle at a target containing a highly explosive substance reveal‚Ä¶ https://t.co/n1yfFFmyAZ,-0.34,0.0,0.87,0.13,3
204,Wed Oct 03 04:46:00 +0000 2018,CNN,Brazilian surfer Maya Gabeira just set a new Guinness World Record for the largest wave ever surfed by a woman‚Ä¶ https://t.co/KHPcKegCxZ,0.0,0.0,1.0,0.0,4
205,Wed Oct 03 04:31:04 +0000 2018,CNN,"""I know the name of the boy who assaulted me. I have no reason to disrupt his life, even though mine has been upend‚Ä¶ https://t.co/mGvybpTN4E",-0.6808,0.0,0.797,0.203,5
206,Wed Oct 03 04:16:00 +0000 2018,CNN,Lake Tahoe visitors can now explore the lake's underwater exhibits via the Emerald Bay Maritime Heritage Trail‚Ä¶ https://t.co/DfE0akZ6YG,0.0,0.0,1.0,0.0,6
207,Wed Oct 03 04:01:03 +0000 2018,CNN,"Which world leader do people trust most? Here are findings from a new global survey by the Pew Research Center.

An‚Ä¶ https://t.co/mhfrG2kR28",0.5106,0.142,0.858,0.0,7
208,Wed Oct 03 03:46:08 +0000 2018,CNN,"There‚Äôs no way to know the fate of Brett Kavanaugh‚Äôs Supreme Court nomination, but here are four ways it could play‚Ä¶ https://t.co/iHueesZb3z",0.1779,0.096,0.837,0.067,8
209,Wed Oct 03 03:31:57 +0000 2018,CNN,"What's going on in the South China Sea?

China's man-made islands, complete with airstrips and radar towers, have s‚Ä¶ https://t.co/WOHd93B88k",0.0,0.0,1.0,0.0,9
210,Wed Oct 03 03:31:07 +0000 2018,CNN,"Donte Palmer isn't the only dad who's had to squat on a dirty restroom floor to change his baby's diaper.

He's jus‚Ä¶ https://t.co/LDH9LLtciq",-0.4404,0.0,0.879,0.121,10
211,Wed Oct 03 03:16:06 +0000 2018,CNN,Amazon is increasing its minimum wage to $15 an hour for all US employees effective November 1. The increase applie‚Ä¶ https://t.co/4jHhWWIwfr,0.7269,0.283,0.717,0.0,11
212,Wed Oct 03 03:02:13 +0000 2018,CNN,"Chinese actress Fan Bingbing has been fined for tax evasion, according to state media.

It's the first public prono‚Ä¶ https://t.co/b8pIGrxwEs",0.3182,0.108,0.892,0.0,12
213,Wed Oct 03 03:01:06 +0000 2018,CNN,Former New York city mayor and billionaire Michael Bloomberg is putting $20 million behind Democratic efforts to fl‚Ä¶ https://t.co/UKKkCLkq8R,0.0,0.0,1.0,0.0,13
214,Wed Oct 03 02:56:03 +0000 2018,CNN,RT @CNNTonight: President Donald Trump for the first time directly mocked Christine Blasey Ford's testimony before the Senate Judiciary Com‚Ä¶,-0.3182,0.0,0.892,0.108,14
215,Wed Oct 03 02:46:07 +0000 2018,CNN,"Apple is finally getting a llama emoji -- and a raccoon, bagel, frisbee and mosquito, too. Here's what to know abou‚Ä¶ https://t.co/Nuiotp9Kps",0.0,0.0,1.0,0.0,15
216,Wed Oct 03 02:45:48 +0000 2018,CNN,RT @CuomoPrimeTime: .@chriscuomo: Trump is not good at business. He is good at selling what helps him. He is all about the sell and always‚Ä¶,-0.2987,0.088,0.748,0.164,16
217,Wed Oct 03 02:45:42 +0000 2018,CNN,"Former Attorney General Eric Holder said he has ""never seen a president talk to the attorney general"" the way Presi‚Ä¶ https://t.co/L1cnuKJCFR",0.0,0.0,1.0,0.0,17
218,Wed Oct 03 02:36:10 +0000 2018,CNN,"The hunt for Planet X has turned up an extremely distant object dubbed ""the Goblin."" Its elongated orbit suggests t‚Ä¶ https://t.co/tbzE1gazfP",0.0,0.0,1.0,0.0,18
219,Wed Oct 03 02:31:10 +0000 2018,CNN,When a Nobel is about more than science | By Don Lincoln via @CNNOpinion https://t.co/jPrHeDCPOf https://t.co/TqeP3toFz2,0.0,0.0,1.0,0.0,19
220,Wed Oct 03 02:28:39 +0000 2018,CNN,An alleged forbidden romance with a suspect in a terrorism probe has landed a special agent with the Naval Criminal‚Ä¶ https://t.co/Ms8ZNYr5fM,-0.5106,0.218,0.45,0.332,20
221,Wed Oct 03 02:23:00 +0000 2018,CNN,The FBI is expanding its inquiry into sexual assault allegations against Supreme Court nominee Brett Kavanaugh beyo‚Ä¶ https://t.co/lzv8wuaPzQ,-0.0516,0.154,0.684,0.162,21
222,Wed Oct 03 02:16:07 +0000 2018,CNN,"Nearly half of women and a third of men over the age of 45 will develop Parkinson's, dementia or stroke during thei‚Ä¶ https://t.co/8R2mbJKtG7",0.0,0.0,1.0,0.0,22
223,Wed Oct 03 02:08:37 +0000 2018,CNN,"There‚Äôs no way to know the fate of Brett Kavanaugh‚Äôs Supreme Court nomination, but here are four ways it could play‚Ä¶ https://t.co/2yaLSMsT1x",0.1779,0.096,0.837,0.067,23
224,Wed Oct 03 02:01:07 +0000 2018,CNN,Canada opened its dairy market. But by how much? https://t.co/wFnXlQulwR https://t.co/MdAxzUhxXQ,0.0,0.0,1.0,0.0,24
225,Wed Oct 03 01:46:30 +0000 2018,CNN,RT @OutFrontCNN: President Trump's response to a female reporter asking him a question raised eyebrows. CNN's Jeanne Moos reports on the ba‚Ä¶,0.0,0.0,1.0,0.0,25
226,Wed Oct 03 01:46:00 +0000 2018,CNN,"This district in West Virginia voted overwhelmingly for President Trump in the 2016 election. But now, a Democrat n‚Ä¶ https://t.co/xdoxocOSVU",-0.128,0.0,0.923,0.077,26
227,Wed Oct 03 01:43:59 +0000 2018,CNN,Trump is exposed as the fraud that he is | By Michael D'Antonio via @CNNOpinion https://t.co/3Fq4LukMeG https://t.co/Bw03KBqNOj,-0.6249,0.0,0.733,0.267,27
228,Wed Oct 03 01:40:28 +0000 2018,CNN,"RT @CuomoPrimeTime: ""I am concerned the White House might have told the FBI to 'look at certain people, do not look at other people.' Far m‚Ä¶",0.2732,0.077,0.923,0.0,28
229,Wed Oct 03 01:31:06 +0000 2018,CNN,West Virginia is letting some overseas voters submit ballots through a mobile app https://t.co/F76b3D32V1 https://t.co/YKiVCLE6Kn,0.0,0.0,1.0,0.0,29
230,Wed Oct 03 01:20:27 +0000 2018,CNN,"RT @CuomoPrimeTime: .@ChrisCuomo: ""This is about honesty... The President saying that he got a million dollars from his father when he go s‚Ä¶",0.0,0.0,1.0,0.0,30
231,Wed Oct 03 01:16:07 +0000 2018,CNN,"House Minority Leader Nancy Pelosi, who described Judge Brett Kavanaugh's testimony last week as ""hysterical,"" says‚Ä¶ https://t.co/6p5NsrYr0p",0.0,0.0,1.0,0.0,31
232,Wed Oct 03 01:12:14 +0000 2018,CNN,"RT @OutFrontCNN: In a letter written in 1983, SCOTUS nominee Brett Kavanaugh describes himself and his friends as ""loud, obnoxious drunks w‚Ä¶",0.0258,0.124,0.757,0.12,32
233,Wed Oct 03 01:10:56 +0000 2018,CNN,"""Bart"" is a name that previously came up as a possible reference to Brett Kavanaugh in his former classmate Mark Ju‚Ä¶ https://t.co/IW5LY7LuJs",0.0,0.0,1.0,0.0,33
234,Wed Oct 03 01:06:12 +0000 2018,CNN,"Brett Kavanaugh called himself and his friends ""loud, obnoxious drunks"" in a 1983 letter ‚Äî and signed it ""Bart,"" Th‚Ä¶ https://t.co/UkMb1ObN0E",0.0258,0.134,0.736,0.13,34
235,Wed Oct 03 01:02:19 +0000 2018,CNN,President Trump for the first time directly mocked Christine Blasey Ford's testimony before the Senate Judiciary Co‚Ä¶ https://t.co/4vJW98P4B1,-0.3182,0.0,0.881,0.119,35
236,Wed Oct 03 01:01:03 +0000 2018,CNN,"""I know the name of the boy who assaulted me. I have no reason to disrupt his life, even though mine has been upend‚Ä¶ https://t.co/BkSsu4G0YG",-0.6808,0.0,0.797,0.203,36
237,Wed Oct 03 00:58:18 +0000 2018,CNN,"RT @AC360: ""This is what he does."" Democratic Senator @maziehirono responds to President Trump's remarks saying, ""We can always count on th‚Ä¶",0.0,0.0,1.0,0.0,37
238,Wed Oct 03 00:51:00 +0000 2018,CNN,Sen. Bernie Sanders praises Jeff Bezos after Amazon announced it is raising its minimum wage at both Amazon and Who‚Ä¶ https://t.co/EvSS1OTyQb,0.7003,0.274,0.726,0.0,38
239,Wed Oct 03 00:46:00 +0000 2018,CNN,New Zealand firm Perpetual Guardian has tested a four-day work week while still paying employees for the five. The‚Ä¶ https://t.co/QWDGwBXiKZ,0.0,0.0,1.0,0.0,39
240,Wed Oct 03 00:41:54 +0000 2018,CNN,"After mocking Christine Blasey Ford, President Trump tells the Mississippi rally crowd: ""Think of your son. Think o‚Ä¶ https://t.co/oiA9U0fiDz",-0.4019,0.0,0.87,0.13,40
241,Wed Oct 03 00:41:07 +0000 2018,CNN,"There‚Äôs no way to know the fate of Brett Kavanaugh‚Äôs Supreme Court nomination, but here are four ways it could play‚Ä¶ https://t.co/4Q2uFrXuaq",0.1779,0.096,0.837,0.067,41
242,Wed Oct 03 00:36:00 +0000 2018,CNN,CNN‚Äôs @RichardQuest and @PeterDrives got their hands on a Tesla Model 3 https://t.co/ecgE0FQ1sW https://t.co/vj5AYtBE78,0.0,0.0,1.0,0.0,42
243,Wed Oct 03 00:33:12 +0000 2018,CNN,"RT @AC360: .@AndersonCooper: The President says it's a scary time for men because of the threat of something that hardly ever happens.

Wha‚Ä¶",-0.765,0.0,0.752,0.248,43
244,Wed Oct 03 00:32:34 +0000 2018,CNN,"During a rally in Mississippi, President Trump directly mocked Christine Blasey Ford‚Äôs testimony before the Senate‚Ä¶ https://t.co/mhKDmdVbaP",-0.3182,0.0,0.867,0.133,44
245,Wed Oct 03 00:31:04 +0000 2018,CNN,"A new NASA-funded study reveals that exposure to space radiation on long trips, like a voyage to Mars, could perman‚Ä¶ https://t.co/lmT6G6EjnM",0.3612,0.122,0.878,0.0,45
246,Wed Oct 03 00:26:00 +0000 2018,CNN,"Having Tencent Music and Spotify listed on the same exchange is good for both companies, says P√§r-J√∂rgen P√§rson, on‚Ä¶ https://t.co/bh5O09C0lE",0.4404,0.132,0.868,0.0,46
247,Wed Oct 03 00:25:34 +0000 2018,CNN,"RT @OutFrontCNN: President Trump: ""It‚Äôs a very scary time for young men in America when you can be guilty of something that you may not be‚Ä¶",-0.7425,0.0,0.785,0.215,47
248,Wed Oct 03 00:25:17 +0000 2018,CNN,Germany's Bayern Munich is exploring the relationship between crowd noise and on-pitch performance. Using acoustic‚Ä¶ https://t.co/z52Mb7dUu9,0.0,0.0,1.0,0.0,48
249,Wed Oct 03 00:21:04 +0000 2018,CNN,"Protesters tried to ""forcibly enter"" the Washington office of Republican Rep. Andy Harris of Maryland in an inciden‚Ä¶ https://t.co/TwenLrFcZh",-0.2263,0.0,0.905,0.095,49
250,Wed Oct 03 00:18:00 +0000 2018,CNN,"Sen. Bernie Sanders calls Amazon‚Äôs pay hike a ‚Äúshot heard around the world.‚Äù He says other companies should ""learn‚Ä¶ https://t.co/c9JDFPQ9vE",-0.1027,0.0,0.928,0.072,50
251,Wed Oct 03 00:17:10 +0000 2018,CNN,"RT @OutFrontCNN: ""This came up in the Nixon years, and it became actually a part of his impeachment proceedings where they considered an ar‚Ä¶",0.0,0.0,1.0,0.0,51
252,Wed Oct 03 00:13:00 +0000 2018,CNN,Electric cars are center stage at the Paris Motor Show https://t.co/zFWHiVgZ2u https://t.co/d2l8FZPzq2,0.0,0.0,1.0,0.0,52
253,Wed Oct 03 00:11:05 +0000 2018,CNN,"Facebook says it has not found any evidence ""so far"" that its attackers accessed third-party sites through Facebook‚Ä¶ https://t.co/XQT22eBMke",-0.5719,0.0,0.829,0.171,53
254,Wed Oct 03 00:09:48 +0000 2018,CNN,"The world's first full-scale Hyperloop passenger capsule has been revealed, and it could be the future of travel‚Ä¶ https://t.co/e2vOPKN0af",0.0,0.0,1.0,0.0,54
255,Wed Oct 03 00:06:05 +0000 2018,CNN,The obvious contradiction at the heart of Brett Kavanaugh's drinking defense | Analysis by @CillizzaCNN‚Ä¶ https://t.co/zAM2AYUigr,-0.128,0.091,0.788,0.121,55
256,Wed Oct 03 00:01:05 +0000 2018,CNN,The FDA recently conducted a surprise inspection of e-cigarette maker Juul's corporate headquarters in San Francisc‚Ä¶ https://t.co/9QhAHhPEiI,0.2732,0.123,0.877,0.0,56
257,Tue Oct 02 23:58:13 +0000 2018,CNN,"President Trump speaks at a rally in Southaven, Mississippi. Follow live updates: https://t.co/q6PCU8sRLh https://t.co/cuuoDTRpJe",0.0,0.0,1.0,0.0,57
258,Tue Oct 02 23:57:21 +0000 2018,CNN,"RT @OutFrontCNN: Democratic Rep. Lloyd Doggett says President Trump's denial of the NYT report on alleged tax fraud sounds like ""every othe‚Ä¶",-0.3182,0.095,0.76,0.144,58
259,Tue Oct 02 23:57:11 +0000 2018,CNN,How to show Trump you care about climate change | By Washington Gov. Jay Inslee via @CNNOpinion‚Ä¶ https://t.co/V7kmdnNhzv,0.4939,0.167,0.833,0.0,59
260,Tue Oct 02 23:55:34 +0000 2018,CNN,An envelope addressed to President Trump contained a substance suspected to be ricin and appeared to be connected t‚Ä¶ https://t.co/A9QnutHDCY,-0.2263,0.0,0.905,0.095,60
261,Tue Oct 02 23:50:47 +0000 2018,CNN,"RT @OutFrontCNN: ""It's unfortunate that instead of exercising oversight, this Republican congress is only engaged in overlook. These are th‚Ä¶",-0.0772,0.114,0.759,0.127,61
262,Tue Oct 02 23:50:38 +0000 2018,CNN,"800,000 people registered to vote on National Voter Registration Day this year, breaking a previous record‚Ä¶ https://t.co/hbXhn2CxLc",0.0,0.0,1.0,0.0,62
263,Tue Oct 02 23:45:44 +0000 2018,CNN,RT @CNNPolitics: President Donald Trump speaks at a rally in Mississippi. Follow for live updates https://t.co/hKoxKMzkbz https://t.co/ZbQq‚Ä¶,0.0,0.0,1.0,0.0,63
264,Tue Oct 02 23:43:12 +0000 2018,CNN,"RT @OutFrontCNN: ""Fred Trump for years, for his life was famous for not wanting to pay taxes. And I think he passed that gene down to his s‚Ä¶",0.0762,0.047,0.953,0.0,64
265,Tue Oct 02 23:41:34 +0000 2018,CNN,"Thailand's Maya Bay, made popular by the film ""The Beach,"" was due to reopen this month, but now will remain closed‚Ä¶ https://t.co/IvaAjDbZrR",0.2263,0.083,0.917,0.0,65
266,Tue Oct 02 23:41:03 +0000 2018,CNN,Senate Majority Leader Mitch McConnell said the release of an FBI report on allegations against Brett Kavanaugh wil‚Ä¶ https://t.co/VUsCfacfqO,0.0,0.0,1.0,0.0,66
267,Tue Oct 02 23:38:28 +0000 2018,CNN,"RT @CNNSitRoom: Is Trump not the self-made man he says? #NYT reports the President used ""dubious tax schemes"" and ""outright fraud"" to grow‚Ä¶",-0.743,0.0,0.769,0.231,67
268,Tue Oct 02 23:38:17 +0000 2018,CNN,"RT @CNNSitRoom: ""There's nothing wrong with inheriting money from your family. The question is: how did it get there, and was it done in su‚Ä¶",0.3724,0.096,0.904,0.0,68
269,Tue Oct 02 23:31:05 +0000 2018,CNN,"Which world leader do people trust most? Here are findings from a new global survey by the Pew Research Center.

An‚Ä¶ https://t.co/6po9IQPSEv",0.5106,0.142,0.858,0.0,69
270,Tue Oct 02 23:22:09 +0000 2018,CNN,"RT @OutFrontCNN: President Trump received today's equivalent of at least $413 million from his father, according to an analysis from The Ne‚Ä¶",0.0,0.0,1.0,0.0,70
271,Tue Oct 02 23:22:02 +0000 2018,CNN,"RT @CNNSitRoom: ""It was my expectation both Judge Kavanaugh and Dr. Ford would be questioned by the FBI, and then they would pursue any lea‚Ä¶",-0.1027,0.0,0.945,0.055,71
272,Tue Oct 02 23:21:06 +0000 2018,CNN,"Laquan McDonald's face was expressionless as the teenager kept advancing, holding a knife, Chicago police Officer J‚Ä¶ https://t.co/jfR4hkQwDH",0.0,0.0,1.0,0.0,72
273,Tue Oct 02 23:16:34 +0000 2018,CNN,"Christine Blasey Ford's attorneys sent a letter to FBI Director Christopher Wray requesting a call, saying they ""ha‚Ä¶ https://t.co/sI3hdKDp23",0.0,0.0,1.0,0.0,73
274,Tue Oct 02 23:11:03 +0000 2018,CNN,"The United States admitted 22,491 refugees in the last fiscal year -- one of the country's lowest amounts on record‚Ä¶ https://t.co/v4CKuQc3mP",0.1531,0.169,0.726,0.105,74
275,Tue Oct 02 23:08:52 +0000 2018,CNN,Real Madrid fell victim to the first major shock of this season's Champions League as the three-time defending cham‚Ä¶ https://t.co/YEhVBwDlqd,-0.0772,0.135,0.677,0.187,75
276,Tue Oct 02 23:02:30 +0000 2018,CNN,"""How many stories of sexual violence do you need to hear in order to believe women?"" Activists confronted 3 GOP sen‚Ä¶ https://t.co/5HqcjVquEN",-0.7096,0.0,0.763,0.237,76
277,Tue Oct 02 22:51:01 +0000 2018,CNN,"Jason Kander, a rising star within the Democratic Party, has announced he is ending his campaign for Kansas City ma‚Ä¶ https://t.co/jE2ePpbXm9",0.4019,0.124,0.876,0.0,77
278,Tue Oct 02 22:45:37 +0000 2018,CNN,Reddit co-founder Alexis Ohanian's venture capital firm has raised an additional $225 million to invest in early-st‚Ä¶ https://t.co/Tt6tItdgxC,0.0,0.0,1.0,0.0,78
279,Tue Oct 02 22:41:03 +0000 2018,CNN,"The ""presidential alert"" headed to Americans' cell phones won't actually be written by President Trump, FEMA says‚Ä¶ https://t.co/SiwRblj4fh",0.296,0.115,0.885,0.0,79
280,Tue Oct 02 22:31:08 +0000 2018,CNN,"Microsoft unveils new Surface devices, smart headphones https://t.co/X8tcUUUk5v https://t.co/6sPQGiBGaG",0.4019,0.252,0.748,0.0,80
281,Tue Oct 02 22:25:08 +0000 2018,CNN,Is intermittent fasting the key to living longer? @drsanjaygupta will be on Full Circle to answer your questions ab‚Ä¶ https://t.co/ccSe8WTd0b,0.0,0.0,1.0,0.0,81
282,Tue Oct 02 22:21:06 +0000 2018,CNN,"President Trump expressed guarded optimism his Supreme Court nominee Brett Kavanaugh will soon be confirmed, even a‚Ä¶ https://t.co/4LXKSPAjRw",0.7964,0.307,0.693,0.0,82
283,Tue Oct 02 22:11:00 +0000 2018,CNN,Brazilian surfer Maya Gabeira just set a new Guinness World Record for the largest wave ever surfed by a woman‚Ä¶ https://t.co/RzRUuk8Q8O,0.0,0.0,1.0,0.0,83
284,Tue Oct 02 22:01:06 +0000 2018,CNN,"Kyle Freeny and Brandon Van Grack, two prosecutors who worked on Paul Manafort's criminal cases, are ending their t‚Ä¶ https://t.co/ap8z1hNQaP",-0.5267,0.0,0.848,0.152,84
285,Tue Oct 02 21:58:53 +0000 2018,CNN,"RT @CNNPolitics: Alaska natives are pressuring key Republican Sen. Lisa Murkowski to vote 'no' on Supreme Court nominee Brett Kavanaugh: ""S‚Ä¶",0.296,0.144,0.76,0.096,85
286,Tue Oct 02 21:56:06 +0000 2018,CNN,The Supreme Court has refused to block former supermodel Janice Dickinson's defamation case against disgraced comic‚Ä¶ https://t.co/4Zoxk7fPHx,-0.5423,0.146,0.526,0.328,86
287,Tue Oct 02 21:53:06 +0000 2018,CNN,Is intermittent fasting the key to living longer? @drsanjaygupta will be on Full Circle to answer your questions ab‚Ä¶ https://t.co/W4eK8Gpty8,0.0,0.0,1.0,0.0,87
288,Tue Oct 02 21:50:51 +0000 2018,CNN,RT @CNNPolitics: Melania Trump is greeted in Ghana as she embarks on her first solo trip as first lady https://t.co/KigXzo5pb0 https://t.co‚Ä¶,0.2732,0.095,0.905,0.0,88
289,Tue Oct 02 21:50:45 +0000 2018,CNN,"Donte Palmer isn't the only dad who's had to squat on a dirty restroom floor to change his baby's diaper.

He's jus‚Ä¶ https://t.co/gfdB4utAC1",-0.4404,0.0,0.879,0.121,89
290,Tue Oct 02 21:50:06 +0000 2018,CNN,RT @CNNPolitics: CNN Key Races: A blue state complicates Democrats' Senate math | Analysis by CNN's Z. Byron Wolf https://t.co/toj0yrYPfU h‚Ä¶,0.0,0.0,1.0,0.0,90
291,Tue Oct 02 21:47:56 +0000 2018,CNN,RT @AC360: Is intermittent fasting the key to living longer? @drsanjaygupta joins Anderson Cooper Full Circle to answer your questions abou‚Ä¶,0.0,0.0,1.0,0.0,91
292,Tue Oct 02 21:46:00 +0000 2018,CNN,"This district in West Virginia voted overwhelmingly for President Trump in the 2016 election. But now, a Democrat n‚Ä¶ https://t.co/knceeRsNaF",-0.128,0.0,0.923,0.077,92
293,Tue Oct 02 21:41:05 +0000 2018,CNN,"Rachel Mitchell did sex-crime victims a disservice | By Elie Honig, a former federal and state prosecutor, via‚Ä¶ https://t.co/ehGMVSbtva",-0.3182,0.0,0.867,0.133,93
294,Tue Oct 02 21:36:05 +0000 2018,CNN,Emma Stone opens up about her ongoing battle with anxiety https://t.co/79Jo87rU8Z https://t.co/s25aivZc4K,-0.5106,0.0,0.699,0.301,94
295,Tue Oct 02 21:33:20 +0000 2018,CNN,Secretary of State Mike Pompeo will travel to North Korea this weekend and meet with dictator Kim Jong Un in Pyongy‚Ä¶ https://t.co/GnpIJqXuB1,0.0,0.0,1.0,0.0,95
296,Tue Oct 02 21:31:06 +0000 2018,CNN,JCPenney names Jill Soltau as its new CEO https://t.co/RtV2ZksNtp https://t.co/olQHyLfZ3n,0.0,0.0,1.0,0.0,96
297,Tue Oct 02 21:27:53 +0000 2018,CNN,RT @TheLeadCNN: Former Secretary of State and Senator @JohnKerry said he believed the ‚Äúfix‚Äù was in on Kavanaugh‚Äôs confirmation because of t‚Ä¶,0.0,0.0,1.0,0.0,97
298,Tue Oct 02 21:21:05 +0000 2018,CNN,"French Interior Minister Gerard Collomb has submitted his resignation to President Emmanuel Macron, according to sp‚Ä¶ https://t.co/rgN3DPi2TE",-0.296,0.0,0.879,0.121,98
299,Tue Oct 02 21:12:08 +0000 2018,CNN,"RT @TheLeadCNN: New York Times reporter Russ Buettner reports that President Trump made millions by helping his family dodge taxes, and tha‚Ä¶",0.296,0.095,0.905,0.0,99
300,Wed Oct 03 05:45:00 +0000 2018,FoxNews,"President @realDonaldTrump: ""The stock market...is at an all-time high today."" https://t.co/WhtP2OWI76",0.0,0.0,1.0,0.0,0
301,Wed Oct 03 05:38:00 +0000 2018,FoxNews,"Brett Kavanaugh's Clinton comment 'deserves a lot of laughter,' @HillaryClinton says https://t.co/9FYNJUjZwk",0.0,0.0,1.0,0.0,1
302,Wed Oct 03 05:30:00 +0000 2018,FoxNews,"President @realDonaldTrump: ""This is really an incredible time for our nation. We are respected again."" https://t.co/bYMV3hFVRu",0.4767,0.171,0.829,0.0,2
303,Wed Oct 03 05:23:00 +0000 2018,FoxNews,"OPINION: Time to discuss the critical elements needed for the Supreme Court ‚Äî @KennedyNation 
 (via @FoxBusiness) https://t.co/ihW0xR2p9O",0.3182,0.181,0.704,0.116,3
304,Wed Oct 03 05:15:00 +0000 2018,FoxNews,".@POTUS: ""We're straightening out some of these horrible deals that stole our wealth, stole our jobs, stole so much‚Ä¶ https://t.co/kSMQPlIIZP",-0.0772,0.13,0.729,0.142,4
305,Wed Oct 03 05:07:00 +0000 2018,FoxNews,".@LindseyGrahamSC on Kavanaugh hearing: ""The Republican of the year will be a Democrat, not a Republican. You've be‚Ä¶ https://t.co/ZqsZepWYai",0.0,0.0,1.0,0.0,5
306,Wed Oct 03 05:00:00 +0000 2018,FoxNews,".@LindseyGrahamSC on Kavanaugh confirmation battle: ""This is bottom. If this is not bottom, help us all."" https://t.co/vxhpSArURv",-0.5938,0.0,0.755,0.245,6
307,Wed Oct 03 04:52:01 +0000 2018,FoxNews,US retail vacancies at 10.2 percent in third quarter - Report (via @FoxBusiness) https://t.co/6CBnMS6fRX,0.0,0.0,1.0,0.0,7
308,Wed Oct 03 04:45:00 +0000 2018,FoxNews,".@senatemajldr: ‚ÄúThe Senate will vote on Judge Kavanaugh here on this floor, this week.‚Äù https://t.co/IBAR6gJ0oX https://t.co/amCmTXVCRV",0.0,0.0,1.0,0.0,8
309,Wed Oct 03 04:38:00 +0000 2018,FoxNews,White officer Jason Van Dyke takes stand in murder trial over black teen shot 16 times https://t.co/N2LbeEUpJC,-0.6908,0.0,0.773,0.227,9
310,Wed Oct 03 04:30:00 +0000 2018,FoxNews,".@JesseBWatters on @HillaryClinton bashing @POTUS supporters: ""Every time she pops up and says something, I believe‚Ä¶ https://t.co/NXr6Jkgcyk",0.4404,0.162,0.838,0.0,10
311,Wed Oct 03 04:22:00 +0000 2018,FoxNews,Anti-Kavanaugh protesters accosting senators have ties to Soros https://t.co/aVMTTiK73T,-0.2263,0.0,0.808,0.192,11
312,Wed Oct 03 04:15:00 +0000 2018,FoxNews,Jonathan Turley: ‚ÄúAny answer that is not openly and frankly embarrassing and disclosing of your past could be viewe‚Ä¶ https://t.co/4SH1PKhXcG,-0.3818,0.0,0.88,0.12,12
313,Wed Oct 03 04:08:00 +0000 2018,FoxNews,.@FLOTUS makes first solo trip abroad https://t.co/z9TCGT2dRN https://t.co/8wW22LEQna,0.0,0.0,1.0,0.0,13
314,Wed Oct 03 04:01:00 +0000 2018,FoxNews,"Jonathan Turley: ‚ÄúThere was a sort of otherworldly feeling about these hearings, when you have a U.S. senator going‚Ä¶ https://t.co/z6PE6fAX2M",0.0534,0.066,0.934,0.0,14
315,Wed Oct 03 03:55:00 +0000 2018,FoxNews,"Daniel Hoffman on North Korea: ‚ÄúPresident Trump has, I think, presented @SecPompeo with the ultimate ‚Äòart of the de‚Ä¶ https://t.co/qP5CR8459U",0.0,0.0,1.0,0.0,15
316,Wed Oct 03 03:45:00 +0000 2018,FoxNews,.@kayleighmcenany: ‚ÄúNothing will ever satisfy Democrats. This about delaying beyond the midterms. It‚Äôs about delayi‚Ä¶ https://t.co/TYgAoiZPEz,0.4588,0.167,0.833,0.0,16
317,Wed Oct 03 03:39:00 +0000 2018,FoxNews,Requested of Dr. Ford‚Äôs legal team: https://t.co/3f1JArDWGU https://t.co/Fl0hO6TVHz,0.128,0.176,0.824,0.0,17
318,Wed Oct 03 03:31:44 +0000 2018,FoxNews,Stunning image from lost spacecraft reveals what it‚Äôs like to stand on a comet https://t.co/00Nhu1U1a5,0.4215,0.277,0.598,0.125,18
319,Wed Oct 03 03:25:00 +0000 2018,FoxNews,".@kayleighmcenany: ‚ÄúDemocrats can‚Äôt have it both ways. Had he not shown any emotion whatsoever, they would have sai‚Ä¶ https://t.co/Ictw1uljXm",0.0,0.0,1.0,0.0,19
320,Wed Oct 03 03:18:00 +0000 2018,FoxNews,.@PhilippeReines: ‚ÄúI think the temperament part is legitimate. You want somebody who has the maturity ‚Äî I mean what‚Ä¶ https://t.co/qfN0VN2Sfu,0.0772,0.071,0.929,0.0,20
321,Wed Oct 03 03:11:00 +0000 2018,FoxNews,".@IngrahamAngle: ""The left is moving in lockstep in their sleazy effort to obliterate not only the Supreme Court co‚Ä¶ https://t.co/l7oTQg7HgP",-0.7798,0.0,0.725,0.275,21
322,Wed Oct 03 03:04:00 +0000 2018,FoxNews,"Sen. @TomCottonAR: ""[Kavanaugh's] denials are the things that are supported by evidence, not the allegations agains‚Ä¶ https://t.co/Vt1QUnxLrM",0.3182,0.126,0.874,0.0,22
323,Wed Oct 03 02:57:20 +0000 2018,FoxNews,"MN Sen. Candidate Housley: Opponent Tina Smith Rips Kavanaugh, Dismisses Ellison Accusations https://t.co/wdokGhPTHc",-0.3182,0.0,0.839,0.161,23
324,Wed Oct 03 02:56:38 +0000 2018,FoxNews,Saints fan helps disabled Giants fan stand for national anthem in viral photo. https://t.co/3i5v9SMLX4,0.7351,0.396,0.604,0.0,24
325,Wed Oct 03 02:35:01 +0000 2018,FoxNews,University students reject clapping at events in favor of 'jazz hands' https://t.co/3emK3KqiL1,0.0,0.175,0.649,0.175,25
326,Wed Oct 03 02:20:00 +0000 2018,FoxNews,"Italian authorities blow up suitcase in middle of Rome airport, traveler claims. https://t.co/mVmO9jatFy",0.0,0.0,1.0,0.0,26
327,Wed Oct 03 02:16:00 +0000 2018,FoxNews,Body of missing woman hiking in Great Smoky Mountains National Park found. https://t.co/NvefAHlEKI,0.4404,0.237,0.636,0.127,27
328,Wed Oct 03 02:11:34 +0000 2018,FoxNews,".@LindseyGrahamSC on Kavanaugh hearing: ""The Republican of the year will be a Democrat, not a Republican. You've be‚Ä¶ https://t.co/X5Xu5c1c77",0.0,0.0,1.0,0.0,28
329,Wed Oct 03 02:06:41 +0000 2018,FoxNews,"Trump at Mississippi rally defends Kavanaugh, slams Ford's claims. https://t.co/mytHRMPFLX",0.0,0.0,1.0,0.0,29
330,Wed Oct 03 02:00:59 +0000 2018,FoxNews,JUST IN: Christine Blasey Ford ex-boyfriend says she helped friend prep for potential polygraph; Grassley sounds al‚Ä¶ https://t.co/dKA2DDJViQ,0.4939,0.158,0.842,0.0,30
331,Wed Oct 03 01:49:00 +0000 2018,FoxNews,OPINION: Ignore Amazon's self-serving calls to raise the federal minimum wage https://t.co/9dnk6Ma1lt,-0.3612,0.0,0.815,0.185,31
332,Wed Oct 03 01:47:29 +0000 2018,FoxNews,"Boy, 7, suffers severe burns after picking limes in sun, mom says https://t.co/B87JLhuQK6",-0.6908,0.0,0.659,0.341,32
333,Wed Oct 03 01:40:37 +0000 2018,FoxNews,Delta Air Lines flight catches fire during aborted takeoff at JFK airport https://t.co/uYy2nclWwx,-0.34,0.0,0.833,0.167,33
334,Wed Oct 03 01:30:00 +0000 2018,FoxNews,".@SenJohnKennedy on some of his Democratic colleagues: ""It isn't about searching for the truth, it's about winning.‚Ä¶ https://t.co/5JAOap65Xl",0.3182,0.119,0.881,0.0,34
335,Wed Oct 03 01:25:00 +0000 2018,FoxNews,'I Don't Think He's Moved at All': @brithume on Flake Being 'Troubled' By Kavanaugh's 'Tone' https://t.co/jLVImpVwRZ,0.0,0.0,1.0,0.0,35
336,Wed Oct 03 01:22:48 +0000 2018,FoxNews,"Rep. @Jim_Jordan: ""The left has gone completely crazy."" #Tucker https://t.co/esy0AunUkq",0.0,0.0,1.0,0.0,36
337,Wed Oct 03 01:13:00 +0000 2018,FoxNews,Secret identity of 150-year-old body found in NYC revealed https://t.co/Q4a4xu7sRe https://t.co/nBGvwWJdGl,0.0,0.0,1.0,0.0,37
338,Wed Oct 03 01:04:43 +0000 2018,FoxNews,Brother of Indianapolis Colts' Denzelle Good fatally shot https://t.co/kuB0oWesJY,-0.3182,0.206,0.496,0.298,38
339,Wed Oct 03 01:00:25 +0000 2018,FoxNews,Man‚Äôs 'unexpected' massive hybrid sunfish catch breaks state record. https://t.co/dNJsb0YV1y,0.0,0.0,1.0,0.0,39
340,Wed Oct 03 00:55:38 +0000 2018,FoxNews,Trump-Mueller interview negotiations stall as 2 more prosecutors leave Russia probe. https://t.co/lrqk6VC1If,-0.3134,0.0,0.733,0.267,40
341,Wed Oct 03 00:49:22 +0000 2018,FoxNews,Trump at Mississippi rally: 'The only reason to vote Democrat is because you‚Äôre tired of winning' https://t.co/oNf0ICYtLp,0.128,0.16,0.704,0.136,41
342,Wed Oct 03 00:41:32 +0000 2018,FoxNews,"Brett Kavanaugh's Clinton comment 'deserves a lot of laughter,' @HillaryClinton says. https://t.co/9FYNJUBAUU",0.0,0.0,1.0,0.0,42
343,Wed Oct 03 00:22:36 +0000 2018,FoxNews,So a race horse walks into a sports betting bar. https://t.co/mtQBzgyIgs https://t.co/hFBpNFPEfD,0.0,0.0,1.0,0.0,43
344,Wed Oct 03 00:15:00 +0000 2018,FoxNews,"American Airlines flight diverted after passenger refused to stop doing pull-ups on plane, man claims. https://t.co/I255ahHl4J",-0.5267,0.0,0.761,0.239,44
345,Wed Oct 03 00:07:23 +0000 2018,FoxNews,"Julie Swetnick's ex-boyfriend, former Dem congressional candidate, says he doesn't believe her claims. https://t.co/qA8nuRaVmT",0.0,0.0,1.0,0.0,45
346,Wed Oct 03 00:00:28 +0000 2018,FoxNews,".@POTUS speaks at a rally in Southaven, Mississippi. https://t.co/9oJgFyVJRt https://t.co/BwzikvC5wa",0.0,0.0,1.0,0.0,46
347,Tue Oct 02 23:56:54 +0000 2018,FoxNews,‚ÄòVice‚Äô teaser shows Christian Bale as Dick Cheney in new Adam McKay movie https://t.co/plvCU0wvqG,-0.6486,0.0,0.694,0.306,47
348,Tue Oct 02 23:51:59 +0000 2018,FoxNews,"Indianapolis Zoo to add black mamba, world‚Äôs deadliest snake, to exhibit https://t.co/5YqclYtqPT",0.0,0.0,1.0,0.0,48
349,Tue Oct 02 23:43:51 +0000 2018,FoxNews,Drone footage shows pod of dolphins ‚Äòdancing‚Äô https://t.co/tt00gxg09e,0.0,0.0,1.0,0.0,49
350,Tue Oct 02 23:31:43 +0000 2018,FoxNews,Facebook breach fallout: What you need to know https://t.co/jN4HjZBnmI,0.0,0.0,1.0,0.0,50
351,Tue Oct 02 23:29:08 +0000 2018,FoxNews,".@guypbenson on Kavanaugh vote before midterms: ""I think this is a big problem for [@clairecmc] and she knows it. B‚Ä¶ https://t.co/2csmPTpeCM",-0.4019,0.0,0.876,0.124,51
352,Tue Oct 02 23:27:53 +0000 2018,FoxNews,Suspected ricin letters were sent to the Pentagon Tuesday; Trace Gallagher has the latest. #TheStory‚Ä¶ https://t.co/MsZsQElCfO,-0.2263,0.0,0.888,0.112,52
353,Tue Oct 02 23:21:12 +0000 2018,FoxNews,".@VP Pence speaks at a campaign event for Congresswoman Cathy McMorris Rodgers.

(Courtesy: KAYU/KHQ) https://t.co/jl5d18iCek",0.0,0.0,1.0,0.0,53
354,Tue Oct 02 23:15:19 +0000 2018,FoxNews,Mutant turtle with two heads still alive after 3 months https://t.co/vv4nr8OOn8,0.3818,0.224,0.776,0.0,54
355,Tue Oct 02 23:09:06 +0000 2018,FoxNews,Police officers in Texas were led on a chase that's far from what they're used to ‚Äî a raccoon in their headquarters. https://t.co/GJUc6kOPMF,0.0,0.0,1.0,0.0,55
356,Tue Oct 02 23:05:00 +0000 2018,FoxNews,Two more prosecutors depart Mueller investigation. https://t.co/ZzfJZZRqTg,0.0,0.0,1.0,0.0,56
357,Tue Oct 02 22:59:48 +0000 2018,FoxNews,North Carolina man dies of Florence-related bacterial infection https://t.co/kdjB4KsewY,0.0,0.0,1.0,0.0,57
358,Tue Oct 02 22:51:01 +0000 2018,FoxNews,"RT @MikeEmanuelFox: Lawmakers spar over Kavanaugh confirmation vote - from #SpecialReport tonight:

https://t.co/shQLY5MgiO",0.0,0.0,1.0,0.0,58
359,Tue Oct 02 22:48:47 +0000 2018,FoxNews,Teen suspect in deadly library shooting to plead guilty. https://t.co/HRLKGcPgqz,-0.6124,0.0,0.615,0.385,59
360,Tue Oct 02 22:39:45 +0000 2018,FoxNews,"JUST IN: FBI's Kavanaugh investigation may wrap up as soon as Wednesday, reports say. https://t.co/XYxiNAxrqd",0.0,0.0,1.0,0.0,60
361,Tue Oct 02 22:36:00 +0000 2018,FoxNews,Iraq tasks Shiite independent with forming new government. https://t.co/3gW2ylrofk,0.0,0.0,1.0,0.0,61
362,Tue Oct 02 22:30:46 +0000 2018,FoxNews,Four members of a militant white supremacist group from California have been arrested in connection with the deadly‚Ä¶ https://t.co/6Ip6jcDKsT,-0.3818,0.073,0.777,0.15,62
363,Tue Oct 02 22:17:59 +0000 2018,FoxNews,"Houston girl, 7, proudly sings national anthem in stands at Astros game. https://t.co/8Dwn2PAS61",0.5574,0.231,0.769,0.0,63
364,Tue Oct 02 22:09:29 +0000 2018,FoxNews,".@POTUS arrives at Memphis International Airport.
(Courtesy: WHBQ) https://t.co/PwGbgraYFo",0.0,0.0,1.0,0.0,64
365,Tue Oct 02 22:05:43 +0000 2018,FoxNews,"Trump reaped millions in shady tax schemes from father's business, report says; NY Tax Department 'reviewing' alleg‚Ä¶ https://t.co/2yXKlZPaWY",0.0,0.0,1.0,0.0,65
366,Tue Oct 02 21:56:37 +0000 2018,FoxNews,Anti-Kavanaugh protesters accosting senators have ties to Soros https://t.co/bDxg9LiTbg,-0.2263,0.0,0.808,0.192,66
367,Tue Oct 02 21:46:51 +0000 2018,FoxNews,"Agency works to end Iran's manipulation of Iraq, temper China's growing influence (via @holliesmckay) https://t.co/BxDL4pyHQe",-0.5106,0.091,0.642,0.267,67
368,Tue Oct 02 21:44:24 +0000 2018,FoxNews,RT @FoxBusiness: Bernie Sanders praises Amazon's minimum wage hike  https://t.co/TkLl2GuI58,0.5267,0.274,0.726,0.0,68
369,Tue Oct 02 21:33:57 +0000 2018,FoxNews,".@JesseBWatters on @HillaryClinton bashing @POTUS supporters: ""Every time she pops up and says something, I believe‚Ä¶ https://t.co/FOH3h17uHI",0.4404,0.162,0.838,0.0,69
370,Tue Oct 02 21:23:49 +0000 2018,FoxNews,Keystone Quiz: 'Jeopardy' Host Trebek Booed By Audience While Moderating PA Gov Debate https://t.co/KhY4hSSf1r,0.0,0.0,1.0,0.0,70
371,Tue Oct 02 21:15:59 +0000 2018,FoxNews,WHALE OF A TALE: A dedicated group of volunteers in Argentina worked for more than a day to help a seven-ton humpba‚Ä¶ https://t.co/xc3C7XLhG8,0.6908,0.251,0.749,0.0,71
372,Tue Oct 02 21:10:00 +0000 2018,FoxNews,"Sen. @ChuckGrassley wants Air Force to investigate $1280 hot cup.
https://t.co/cJGENNdyc2",0.0,0.0,1.0,0.0,72
373,Tue Oct 02 21:02:00 +0000 2018,FoxNews,".@JasonKander withdraws from Kansas City mayoral race to focus on treating depression, PTSD. https://t.co/TqYyseGAw2",-0.5719,0.0,0.778,0.222,73
374,Tue Oct 02 20:56:23 +0000 2018,FoxNews,"Senator @LindseyGrahamSC sounded off on the Kavanaugh confirmation battle Tuesday, saying that ""this is bottom.""‚Ä¶ https://t.co/CmqWlA4QvI",-0.3818,0.0,0.852,0.148,74
375,Tue Oct 02 20:48:33 +0000 2018,FoxNews,"Kentucky @GovMattBevin on new USMCA trade deal: ""This is what's been needed."" #Cavuto https://t.co/MG8lruv6MB",0.0,0.0,1.0,0.0,75
376,Tue Oct 02 20:44:31 +0000 2018,FoxNews,"Kentucky @GovMattBevin on the Russia probe: ""It's floundering, trying to find some semblance of relevance."" #Cavuto https://t.co/ELPhzLpoww",0.0,0.0,1.0,0.0,76
377,Tue Oct 02 20:37:04 +0000 2018,FoxNews,"Sen. @JimInhofe: ""With all the accusations out there, no one has corroborated on anything."" #Cavuto https://t.co/KYxlRbHDyA",-0.5423,0.0,0.757,0.243,77
378,Tue Oct 02 20:34:06 +0000 2018,FoxNews,"Georgetown professor suspended by Twitter after call for ‚Äòdeaths‚Äô of GOP senators, Kavanaugh. https://t.co/P0TbwOpL9i",-0.4767,0.0,0.807,0.193,78
379,Tue Oct 02 20:09:06 +0000 2018,FoxNews,RT @FoxBusiness: #BreakingNews: The Dow Jones Industrial Average closed at a record high. It is the 102nd record close for the Dow since El‚Ä¶,0.0,0.0,1.0,0.0,79
380,Tue Oct 02 20:05:40 +0000 2018,FoxNews,.@ShepNewsTeam is live with the ‚ÄòFox News Update‚Äô on Facebook Watch: https://t.co/Sb2cju6RMf https://t.co/CffEDcSSiF,0.0,0.0,1.0,0.0,80
381,Tue Oct 02 20:01:31 +0000 2018,FoxNews,President @realDonaldTrump speaks in Philadelphia five weeks ahead of midterm elections https://t.co/50tdnoBuvD,0.0,0.0,1.0,0.0,81
382,Tue Oct 02 19:57:42 +0000 2018,FoxNews,Envelopes sent to Pentagon test positive for ricin https://t.co/ycpmvkw9X2 https://t.co/4T8m9zVA5C,0.5574,0.286,0.714,0.0,82
383,Tue Oct 02 19:49:20 +0000 2018,FoxNews,"Clinton accuser Juanita Broaddrick demands FBI probe on Clinton rape claim, amid Kavanaugh furor (via‚Ä¶ https://t.co/OZ0UPF8q4k",-0.6908,0.0,0.761,0.239,83
384,Tue Oct 02 19:39:02 +0000 2018,FoxNews,Ford's team says they have reached out to @FBI multiple times and still have not been contacted‚Ä¶ https://t.co/Hvmdppf3tL,0.1027,0.076,0.924,0.0,84
385,Tue Oct 02 19:35:25 +0000 2018,FoxNews,"JUST IN: @SecPompeo to meet with Kim Jong Un on Sunday, State Department announces https://t.co/nCxViRI6Ea https://t.co/ypVLI14Ijo",0.0,0.0,1.0,0.0,85
386,Tue Oct 02 19:27:33 +0000 2018,FoxNews,".@POTUS: ""After years of rebuilding foreign countries, we are finally rebuilding our country.""‚Ä¶ https://t.co/bWfBmPHwq5",0.0,0.0,1.0,0.0,86
387,Tue Oct 02 19:22:19 +0000 2018,FoxNews,".@POTUS: ""We're straightening out some of these horrible deals that stole our wealth, stole our jobs, stole so much‚Ä¶ https://t.co/MHizs8flTH",-0.0772,0.13,0.729,0.142,87
388,Tue Oct 02 19:16:58 +0000 2018,FoxNews,".@POTUS: ""NAFTA was one of the worst trade deals ever made in any country at any time, and now we have a great trad‚Ä¶ https://t.co/GK9JGU7Nfc",0.0,0.136,0.728,0.136,88
389,Tue Oct 02 19:12:54 +0000 2018,FoxNews,".@POTUS: ""We're in the midst of a manufacturing renaissance."" https://t.co/xhAj9J19k5",0.0,0.0,1.0,0.0,89
390,Tue Oct 02 19:08:05 +0000 2018,FoxNews,".@POTUS: ""The stock market...is at an all-time high today."" https://t.co/jdiXb1UtWs",0.0,0.0,1.0,0.0,90
391,Tue Oct 02 19:05:06 +0000 2018,FoxNews,".@POTUS: ""This is really an incredible time for our nation. We are respected again."" https://t.co/EXN4HZooEy",0.4767,0.181,0.819,0.0,91
392,Tue Oct 02 19:01:35 +0000 2018,FoxNews,"GOP hoping to flip Montana seat red, @pdoocy reports https://t.co/q4ke8uWN2v",0.4215,0.237,0.763,0.0,92
393,Tue Oct 02 18:56:13 +0000 2018,FoxNews,".@HillaryClinton: ""For anyone who believes there's such a thing as a judicial temperament and that we want judges,‚Ä¶ https://t.co/cR0Npgb03k",0.0772,0.075,0.925,0.0,93
394,Tue Oct 02 18:55:22 +0000 2018,FoxNews,.@POTUS makes remarks on the economy and tax reform at the annual convention for the National Electrical Contractor‚Ä¶ https://t.co/6OW3HRYPdV,0.0,0.0,1.0,0.0,94
395,Tue Oct 02 18:44:35 +0000 2018,FoxNews,".@senatemajldr: ""We will be voting this week on the Kavanaugh nomination."" https://t.co/IBAR6gJ0oX https://t.co/SK5Ibvi3qq",0.0,0.0,1.0,0.0,95
396,Tue Oct 02 18:41:42 +0000 2018,FoxNews,Two envelopes testing positive for ricin sent to the Pentagon https://t.co/ycpmvkw9X2 https://t.co/QLW6DFVq73,0.5574,0.247,0.753,0.0,96
397,Tue Oct 02 18:34:58 +0000 2018,FoxNews,".@LindseyGrahamSC on Kavanaugh confirmation battle: ""This is bottom. If this is not bottom, help us all."" https://t.co/RoyP0v5RWr",-0.5938,0.0,0.755,0.245,97
398,Tue Oct 02 18:32:32 +0000 2018,FoxNews,".@LindseyGrahamSC: ""I think it's a scary time for principles."" https://t.co/XibC8DrcXl",-0.4939,0.0,0.714,0.286,98
399,Tue Oct 02 18:24:02 +0000 2018,FoxNews,".@LindseyGrahamSC on Kavanaugh confirmation battle: ""To me, this is such an emotional event now. Give the public as‚Ä¶ https://t.co/WbzIp5I2Q9",-0.25,0.075,0.802,0.123,99
400,Wed Oct 03 05:45:04 +0000 2018,nytimes,"South Korea announced a sweeping crackdown on ‚Äúfake news,‚Äù calling it ‚Äúa destroyer of democracy.‚Äù Critics say it‚Äôs‚Ä¶ https://t.co/LuMRQiodMh",-0.6369,0.0,0.755,0.245,0
401,Wed Oct 03 05:30:04 +0000 2018,nytimes,"If you're looking to help those affected by the earthquake and tsunami that struck Indonesia, here's some advice https://t.co/aFEw0imlZc",0.0258,0.121,0.717,0.161,1
402,Wed Oct 03 05:21:04 +0000 2018,nytimes,4 members of a militant white-supremacist organization were arrested on charges of inciting a riot in Charlottesvil‚Ä¶ https://t.co/pJ4h5VOLNT,-0.8316,0.0,0.577,0.423,2
403,Wed Oct 03 05:15:04 +0000 2018,nytimes,"More than 2,500 Afghans are braving serious security risks to run for parliament. Seven candidates have already bee‚Ä¶ https://t.co/iSZYr8t9KA",-0.0,0.11,0.734,0.156,3
404,Wed Oct 03 05:07:06 +0000 2018,nytimes,RT @marclacey: Hurricane Florence may be over but it's not really over. https://t.co/INqHdo3app,0.0,0.0,1.0,0.0,4
405,Wed Oct 03 05:02:06 +0000 2018,nytimes,A veteran journalist who has become a critic of Saudi leaders entered the Saudi consulate in Istanbul on Tuesday af‚Ä¶ https://t.co/SWRp949XE2,-0.2732,0.0,0.896,0.104,5
406,Wed Oct 03 04:53:57 +0000 2018,nytimes,"RT @fmanjoo: I'm going to quit using Facebook to sign on to stuff. So should you. 

Use a password manager. Use Google. After the massive h‚Ä¶",0.0,0.0,1.0,0.0,6
407,Wed Oct 03 04:47:05 +0000 2018,nytimes,"In 2006, the American Bar Association raised questions about Brett Kavanaugh's demeanor and veracity https://t.co/eE2PNOqBNK",0.0,0.0,1.0,0.0,7
408,Wed Oct 03 04:35:03 +0000 2018,nytimes,Our investigation revealed that Donald Trump received the equivalent today of at least $413 million from his father‚Ä¶ https://t.co/Tojoj6Kbte,0.0,0.0,1.0,0.0,8
409,Wed Oct 03 04:27:02 +0000 2018,nytimes,"The Chinese film star Fan Bingbing, who vanished from public view months ago, faces huge fines for tax evasion, rep‚Ä¶ https://t.co/ZkqZyT5bnB",0.5574,0.195,0.805,0.0,9
410,Wed Oct 03 04:17:02 +0000 2018,nytimes,"About 8% of the registered sex offenders in Missouri are unaccounted for, according to a state audit, which said th‚Ä¶ https://t.co/GscygaKv3z",-0.3612,0.0,0.884,0.116,10
411,Wed Oct 03 04:07:04 +0000 2018,nytimes,Officials are beginning to sort out what went wrong with Indonesia‚Äôs early warning system for tsunami detection https://t.co/y2YrphSwUZ,-0.6705,0.0,0.744,0.256,11
412,Wed Oct 03 03:57:01 +0000 2018,nytimes,"In Opinion

Seeing the Earth from the moon 50 years ago changed these astronauts forever. In this film, they tell t‚Ä¶ https://t.co/IOOEFJEVCD",0.0,0.0,1.0,0.0,12
413,Wed Oct 03 03:47:01 +0000 2018,nytimes,In The Edit newsletter: Contributors weigh in on the sexual assault allegations against Brett Kavanaugh and what co‚Ä¶ https://t.co/Nwl6NVNBeu,-0.5859,0.0,0.826,0.174,13
414,Wed Oct 03 03:37:28 +0000 2018,nytimes,"Sherri's red blood cell levels plummet and her iron disappears. You'd think she's bleeding, but there's no blood in‚Ä¶ https://t.co/32wuN3LYJ9",-0.5423,0.0,0.8,0.2,14
415,Wed Oct 03 03:27:05 +0000 2018,nytimes,Travelers entering New Zealand may now be prosecuted and fined if they refuse to allow access to their digital devi‚Ä¶ https://t.co/vR0FQzyfgg,-0.4404,0.077,0.729,0.194,15
416,Wed Oct 03 03:17:07 +0000 2018,nytimes,"At a rally, President Trump mocked Christine Blasey Ford, who has accused Brett Kavanaugh of sexual assault https://t.co/E5KUbfwzzH",-0.8074,0.0,0.628,0.372,16
417,Wed Oct 03 03:06:58 +0000 2018,nytimes,"While All County was all upside for Donald Trump and his siblings, it had an insidious downside for Fred Trump‚Äôs te‚Ä¶ https://t.co/ri9i74ieAb",-0.25,0.0,0.913,0.087,17
418,Wed Oct 03 03:04:21 +0000 2018,nytimes,All County siphoned millions of dollars from Fred Trump‚Äôs empire by simply marking up purchases already made by his‚Ä¶ https://t.co/9mRFXDGBG7,0.0,0.0,1.0,0.0,18
419,Wed Oct 03 02:58:30 +0000 2018,nytimes,"All County‚Äôs ostensible purpose was to be the purchasing agent for Fred Trump‚Äôs buildings, buying everything from b‚Ä¶ https://t.co/5E2JKsZeL3",0.0,0.0,1.0,0.0,19
420,Wed Oct 03 02:52:31 +0000 2018,nytimes,"The most overt fraud was All County Building Supply &amp; Maintenance, a company formed by the Trump family in 1992:‚Ä¶ https://t.co/smByPZvPYY",-0.6222,0.0,0.823,0.177,20
421,Wed Oct 03 02:45:06 +0000 2018,nytimes,Tax experts briefed on The New York Times‚Äôs findings said the Trumps‚Äô conduct presented a pattern of deception and‚Ä¶ https://t.co/Vfs3ST7PxG,-0.4404,0.0,0.861,0.139,21
422,Wed Oct 03 02:32:03 +0000 2018,nytimes,How Times journalists uncovered the original source of the president‚Äôs wealth https://t.co/kBccM5h95D,0.6705,0.355,0.645,0.0,22
423,Wed Oct 03 02:22:01 +0000 2018,nytimes,"RT @arappeport: USMCA-what? Trump may have botched the branding on the new Nafta, experts say. https://t.co/VI9wnaYhQg",0.0,0.0,1.0,0.0,23
424,Wed Oct 03 02:12:06 +0000 2018,nytimes,The Trump administration will no longer issue family visas to same-sex domestic partners of foreign diplomats or em‚Ä¶ https://t.co/a3ZP2pFpXB,-0.296,0.0,0.891,0.109,24
425,Wed Oct 03 02:02:05 +0000 2018,nytimes,"A Canadian professor, Dr. Donna Strickland, became the first woman in 55 years to win a Nobel Prize in Physics https://t.co/lRYiQoWUH9",0.7964,0.295,0.705,0.0,25
426,Wed Oct 03 01:53:02 +0000 2018,nytimes,RT @nytopinion: The Editorial Board writes that  Donald Trump's origin story is a sham ‚Äî a version of reality so elaborately embellished th‚Ä¶,0.0,0.0,1.0,0.0,26
427,Wed Oct 03 01:47:02 +0000 2018,nytimes,Brett Kavanaugh‚Äôs 1983 letter offers inside look at high school clique https://t.co/e1lp56OMX0,0.0,0.0,1.0,0.0,27
428,Wed Oct 03 01:39:03 +0000 2018,nytimes,RT @susannecraig: It‚Äôs mind boggling to me how much we learned about Donald Trump and his tax shenanigans through the documents we got. It‚Ä¶,0.0,0.0,1.0,0.0,28
429,Wed Oct 03 01:28:05 +0000 2018,nytimes,"He spent 2 decades in prison for a murder he has long maintained he did not commit. ""They robbed me of a career, a‚Ä¶ https://t.co/9RGJpYuxWN",-0.8717,0.0,0.658,0.342,29
430,Wed Oct 03 01:17:06 +0000 2018,nytimes,"RT @nytvideo: ‚ÄúIt‚Äôs a very scary time for young men,‚Äù President Trump said in reference to the investigation into sexual assault accusation‚Ä¶",-0.807,0.0,0.723,0.277,30
431,Wed Oct 03 01:02:04 +0000 2018,nytimes,Evening Briefing: Here's what you need to know at the end of the day https://t.co/dlOqHxLvY2,0.0,0.0,1.0,0.0,31
432,Wed Oct 03 01:00:01 +0000 2018,nytimes,Clarification: The tweet above said McKinsey determines which creditors get paid what. McKinsey does have a say but it's not the only one.,0.0,0.0,1.0,0.0,32
433,Wed Oct 03 00:51:01 +0000 2018,nytimes,"RT @katekelly: In 1983, Judge #Kavanaugh penned a letter to seven friends about the arrangements for Beach Week. He said they should warn t‚Ä¶",0.4019,0.122,0.824,0.055,33
434,Wed Oct 03 00:47:00 +0000 2018,nytimes,Get our On Politics newsletter delivered to your inbox. Sign up here: https://t.co/z8lYREKk4h,0.0,0.0,1.0,0.0,34
435,Wed Oct 03 00:40:08 +0000 2018,nytimes,From our On Politics newsletter: The battle over Judge Kavanaugh is perhaps our starkest reflection of that new pol‚Ä¶ https://t.co/yT6ihE9xDD,-0.3818,0.0,0.88,0.12,35
436,Wed Oct 03 00:32:05 +0000 2018,nytimes,A Dunkin‚Äô Donuts employee dumped water on a homeless man who was charging his phone. He and others were fired after‚Ä¶ https://t.co/q62zSQsanT,-0.743,0.0,0.741,0.259,36
437,Wed Oct 03 00:25:07 +0000 2018,nytimes,RT @russbuettner: His father‚Äôs fortune: the untruth at the core of President Trump‚Äôs case for his own exceptionalism. https://t.co/4n207maW‚Ä¶,0.0,0.0,1.0,0.0,37
438,Wed Oct 03 00:17:02 +0000 2018,nytimes,Bomb experts entered a home in Oregon only to discover the place was full of booby traps including an exploding whe‚Ä¶ https://t.co/FncTuZyso6,-0.4939,0.0,0.862,0.138,38
439,Wed Oct 03 00:11:05 +0000 2018,nytimes,"RT @tackettdc: On Monday night, the two major candidates for governor in Ohio, a critical swing state, met to debate. Two New York Times po‚Ä¶",-0.3182,0.0,0.909,0.091,39
440,Wed Oct 03 00:02:04 +0000 2018,nytimes,"""If you are not disrupting the people in positions of authority, it is like you are not doing your job"": Jemele Hil‚Ä¶ https://t.co/GLzVptK6xb",0.4215,0.153,0.847,0.0,40
441,Tue Oct 02 23:52:03 +0000 2018,nytimes,"RT @gabrieldance: we‚Äôve spent 18 months investigating the Trump fortune. But if you don‚Äôt have that kinda time right now, here‚Äôs 4 short, i‚Ä¶",0.0,0.0,1.0,0.0,41
442,Tue Oct 02 23:42:02 +0000 2018,nytimes,This chicken tikka masala recipe is truly accessible to anyone with a well-stocked pantry https://t.co/D5sb5MOXc2,0.4404,0.182,0.818,0.0,42
443,Tue Oct 02 23:32:06 +0000 2018,nytimes,Evening Briefing: Here's what you need to know at the end of the day https://t.co/01D9Wjf5g0,0.0,0.0,1.0,0.0,43
444,Tue Oct 02 23:22:02 +0000 2018,nytimes,"RT @davidenrich: Exclusive: We obtained a handwritten 1983 letter that Brett Kavanaugh wrote to his high school buddies: ""We're loud, obnox‚Ä¶",0.128,0.073,0.927,0.0,44
445,Tue Oct 02 23:17:05 +0000 2018,nytimes,The killing of a 16-year-old stunned a Brooklyn neighborhood. The shock deepened when a suspect was identified: a b‚Ä¶ https://t.co/M2GmkVMLeS,-0.8625,0.0,0.531,0.469,45
446,Tue Oct 02 23:01:04 +0000 2018,nytimes,"RT @susannecraig: NEW: Russ Buettner, David Barstow and I got our hands on a massive trove of confidential docs - including 200 tax returns‚Ä¶",0.0,0.0,1.0,0.0,46
447,Tue Oct 02 23:00:00 +0000 2018,nytimes,Clarification: The tweet above said McKinsey determines which creditors get paid what. McKinsey does have a say but it's not the only one.,0.0,0.0,1.0,0.0,47
448,Tue Oct 02 22:47:11 +0000 2018,nytimes,"""Baby fails"" is a thriving YouTube genre. And if you want your own internet-famous baby, humiliation is key.‚Ä¶ https://t.co/fHU9SDps0a",-0.7351,0.057,0.658,0.285,48
449,Tue Oct 02 22:32:07 +0000 2018,nytimes,The Manchin campaign said that he spoke with protesters ‚Äúto listen to their stories and views on Brett Kavanaugh.‚Äù‚Ä¶ https://t.co/E80CtfKrRT,-0.2263,0.0,0.909,0.091,49
450,Tue Oct 02 22:17:04 +0000 2018,nytimes,2 of America Ferrera's recent favorite books: ‚ÄúWhen They Call You a Terrorist‚Äù by Patrisse Khan-Cullors and ‚ÄúSour H‚Ä¶ https://t.co/LredAGHHbD,0.4588,0.15,0.85,0.0,50
451,Tue Oct 02 22:03:04 +0000 2018,nytimes,"RT @Nate_Cohn: Ohio 1, final. Chabot (R, inc) 50, Pureval (D) 41
A good result for the Republicans in a fairly conservative district where‚Ä¶",0.4404,0.121,0.879,0.0,51
452,Tue Oct 02 21:48:24 +0000 2018,nytimes,"As for the $1 million loan President Trump so often cites, The New York Times found that Fred Trump actually lent h‚Ä¶ https://t.co/LtGDEXO17S",0.0,0.0,1.0,0.0,52
453,Tue Oct 02 21:23:11 +0000 2018,nytimes,The New York Times‚Äôs findings raise new questions about President Trump‚Äôs refusal to release his income tax returns‚Ä¶ https://t.co/2QJGxo0Tzm,0.0,0.0,1.0,0.0,53
454,Tue Oct 02 21:20:11 +0000 2018,nytimes,"On May 4, 2004, the Trump children signed away ownership of the empire their father had built over 70 years. The to‚Ä¶ https://t.co/H1DbE6cZ2I",0.0,0.0,1.0,0.0,54
455,Tue Oct 02 21:10:30 +0000 2018,nytimes,"On Nov. 22, 1997, in an episode never before revealed, Donald Trump and his siblings gained ownership of most of th‚Ä¶ https://t.co/TREtTJ6pHD",0.3818,0.11,0.89,0.0,55
456,Tue Oct 02 21:05:00 +0000 2018,nytimes,"Clumsy at it was, Donald Trump‚Äôs failed attempt to change his father‚Äôs will brought a family reckoning about 2 rela‚Ä¶ https://t.co/6QVLMrT9YD",-0.5106,0.0,0.845,0.155,56
457,Tue Oct 02 20:59:51 +0000 2018,nytimes,Fred Trump took prompt action to thwart his son. He dispatched his daughter to find new estate lawyers. The lawyers‚Ä¶ https://t.co/OxoYAYBbP2,0.0,0.0,1.0,0.0,57
458,Tue Oct 02 20:55:44 +0000 2018,nytimes,"In 1990, according to previously secret depositions, Donald Trump tried to have his father‚Äôs will rewritten in a wa‚Ä¶ https://t.co/3USzEdnsJR",0.0,0.0,1.0,0.0,58
459,Tue Oct 02 20:51:17 +0000 2018,nytimes,"Between 1989 and 1992, tax records show, 4 entities created by Fred Trump to support his children paid Donald Trump‚Ä¶ https://t.co/bLBMEgvv9R",0.5719,0.207,0.793,0.0,59
460,Tue Oct 02 20:45:22 +0000 2018,nytimes,"As the 1980s ended, Donald Trump‚Äôs big bets began to go bust. Trump Shuttle was failing to make loan payments withi‚Ä¶ https://t.co/fdTcY4KG0e",-0.5106,0.0,0.864,0.136,60
461,Tue Oct 02 20:35:13 +0000 2018,nytimes,"In President Trump‚Äôs version of how he got rich, he parlayed a $1 million loan from his father into a $10 billion e‚Ä¶ https://t.co/balhaT0Y0q",0.5574,0.146,0.854,0.0,61
462,Tue Oct 02 20:25:18 +0000 2018,nytimes,"We hope you have time to read the complete investigation by @DavidBarstow, @SusanneCraig and @RussBuettner. But if‚Ä¶ https://t.co/3KRrQ19354",0.4404,0.146,0.854,0.0,62
463,Tue Oct 02 20:14:17 +0000 2018,nytimes,What emerges from this body of evidence is a financial biography of the 45th president fundamentally at odds with t‚Ä¶ https://t.co/gsJyG94wEH,0.0,0.0,1.0,0.0,63
464,Tue Oct 02 19:44:52 +0000 2018,nytimes,The New York Times‚Äôs findings are based on interviews with Fred Trump‚Äôs former employees and advisers and more than‚Ä¶ https://t.co/LHEXeqxf5t,0.0,0.0,1.0,0.0,64
465,Tue Oct 02 19:40:35 +0000 2018,nytimes,"Trump declined repeated requests over several weeks to comment for this article. But a lawyer for Trump, Charles J.‚Ä¶ https://t.co/Pf01JULG2i",0.0,0.0,1.0,0.0,65
466,Tue Oct 02 19:26:51 +0000 2018,nytimes,President Trump has sold himself as a self-made billionaire but a Times investigation found that he received more t‚Ä¶ https://t.co/lhuCsng9Wi,0.0,0.0,1.0,0.0,66
467,Tue Oct 02 18:50:05 +0000 2018,nytimes,"Primera Air, a small low-cost airline, filed for bankruptcy and ceased flying on Monday night, leaving hundreds of‚Ä¶ https://t.co/PIC0H5zEEW",0.0,0.0,1.0,0.0,67
468,Tue Oct 02 18:35:04 +0000 2018,nytimes,"If you're looking to help victims of the earthquake and tsunami that struck Indonesia, here is some guidance, and a‚Ä¶ https://t.co/1P56jAWnkU",-0.1531,0.108,0.72,0.172,68
469,Tue Oct 02 18:10:06 +0000 2018,nytimes,"RT @Nate_Cohn: Virginia 2, final. Taylor (R, inc) 49, Luria (D) 41
This is probably our best result for the Republicans in weeks. Didn't ex‚Ä¶",0.6369,0.149,0.851,0.0,69
470,Tue Oct 02 18:00:10 +0000 2018,nytimes,"""Rather than clarifying the cause of a murky issue, 'toxic' often does the opposite,"" writes Lauren Oyler https://t.co/kL0A7ZeKKj",0.0,0.0,1.0,0.0,70
471,Tue Oct 02 17:50:04 +0000 2018,nytimes,RT @rudoren: ‚ÄòWhat the (Insert Extreme Word of Choice) Is Going On Over There?‚Äô   The imitable ‚Å¶@sarahlyall‚Å© helps readers outside the US u‚Ä¶,0.3818,0.106,0.894,0.0,71
472,Tue Oct 02 17:45:08 +0000 2018,nytimes,"In an election year that has included alarming portents of global warming, the one place that climate change rarely‚Ä¶ https://t.co/urPRErl29O",0.0258,0.076,0.853,0.071,72
473,Tue Oct 02 17:35:02 +0000 2018,nytimes,RT @nytvideo: About 70 percent of immigrants in U.S. prisons are being overseen by privately held companies. How did this happen? @RetroRep‚Ä¶,0.0,0.0,1.0,0.0,73
474,Tue Oct 02 17:25:02 +0000 2018,nytimes,"Saving money, especially right after college, seems impossible. But the sooner you start, the easier it is. We prom‚Ä¶ https://t.co/G52mYPrQvS",0.4215,0.128,0.872,0.0,74
475,Tue Oct 02 17:10:02 +0000 2018,nytimes,Plants. A fresh coat of paint. Mementos. Here's how recent college graduates make shoe-box-size spaces feel like ho‚Ä¶ https://t.co/REeASBGj20,0.5859,0.231,0.769,0.0,75
476,Tue Oct 02 17:00:12 +0000 2018,nytimes,"RT @patrickhealynyt: Pretty cool: Alex Burns, one of our best NY Times political reporters, is texting first-hand insights, intel &amp; experie‚Ä¶",0.8658,0.35,0.65,0.0,76
477,Tue Oct 02 16:50:04 +0000 2018,nytimes,Before and after photos show the destruction left in the wake of an earthquake and resulting tsunami that struck In‚Ä¶ https://t.co/en0SsepBam,-0.6908,0.0,0.769,0.231,77
478,Tue Oct 02 16:40:07 +0000 2018,nytimes,"RT @Nate_Cohn: Arizona 2, final. Kirkpatrick (D) 50, Marquez Peterson (R) 39
This seat was already thought to lean Democratic, though there‚Ä¶",0.0,0.0,1.0,0.0,78
479,Tue Oct 02 16:30:11 +0000 2018,nytimes,"Tesla said Tuesday that it produced 80,142 cars in the 3rd quarter, a 50% rise from the 2nd quarter https://t.co/t6K5iAxKKi",0.0,0.0,1.0,0.0,79
480,Tue Oct 02 16:20:03 +0000 2018,nytimes,"RT @nytopinion: The new leading presidential candidate in the polls in Brazil is a former military officer, Jair Bolsonaro, a far-right can‚Ä¶",0.0,0.0,1.0,0.0,80
481,Tue Oct 02 16:10:04 +0000 2018,nytimes,"The FBI has completed its interview of Mark Judge. In a statement, Judge's lawyer said, ‚ÄúMr. Judge completed his FB‚Ä¶ https://t.co/FbpaysTbBh",0.0,0.0,1.0,0.0,81
482,Tue Oct 02 16:00:11 +0000 2018,nytimes,"RT @nytimesbooks: A Ted Talk leads to a confession ‚Äî ""my mother was a heroin addict"" ‚Äî which leads to a graphic memoir by Jarrett J. Krosoc‚Ä¶",-0.4939,0.0,0.862,0.138,82
483,Tue Oct 02 15:45:05 +0000 2018,nytimes,"Time‚Äôs Up, the initiative created by women in Hollywood in response to the #MeToo movement, named Lisa Borders, pre‚Ä¶ https://t.co/UKIQYEuDcA",0.25,0.095,0.905,0.0,83
484,Tue Oct 02 15:30:13 +0000 2018,nytimes,RT @karenyourish: Just four of more than two dozen potential witnesses were on the Republicans‚Äô initial list to the FBI. https://t.co/Vz0dl‚Ä¶,0.0,0.0,1.0,0.0,84
485,Tue Oct 02 15:15:08 +0000 2018,nytimes,"After the Ivy League changed its kickoff rules in 2016, adjusting the kickoff and touchback lines by just five yard‚Ä¶ https://t.co/HsMtMQKylJ",0.0,0.0,1.0,0.0,85
486,Tue Oct 02 15:00:12 +0000 2018,nytimes,"If Bob Woodward, journalist and author of ‚ÄúFear: Trump in the White House,‚Äù was hosting a literary dinner party, wh‚Ä¶ https://t.co/s60u9QU0HU",0.4019,0.124,0.876,0.0,86
487,Tue Oct 02 14:46:04 +0000 2018,nytimes,"RT @emmagf: After six driver suicides in New York, taxi drivers are talking more openly about depression. ‚ÄúWhen you have nothing to do, we‚Ä¶",-0.6077,0.0,0.853,0.147,87
488,Tue Oct 02 14:30:12 +0000 2018,nytimes,"""There's a narrative of what rape looks like and what kind of person you have to be to be a victim or a perpetrator‚Ä¶ https://t.co/npXtxzuDU1",-0.6486,0.088,0.671,0.24,88
489,Tue Oct 02 14:16:03 +0000 2018,nytimes,RT @rpogrebin: We got the police report: Kavanaugh was involved in a bar fight at Yale in 1985 @benprotess @emilybazelon @RebeccaRuiz @Stev‚Ä¶,-0.3818,0.0,0.885,0.115,89
490,Tue Oct 02 14:07:04 +0000 2018,nytimes,"RT @nytimesbusiness: Tesla Model 3 production is up, but the company is still having trouble delivering the cars to drivers https://t.co/lK‚Ä¶",-0.5499,0.0,0.843,0.157,90
491,Tue Oct 02 14:00:12 +0000 2018,nytimes,A New York City bus driver involved in a fatal accident with a cyclist was found guilty of failing to yield the rig‚Ä¶ https://t.co/bfN9OccWZE,-0.9136,0.0,0.572,0.428,91
492,Tue Oct 02 13:45:08 +0000 2018,nytimes,Here's everything you need to know for the midterm elections https://t.co/Wsqhk4vNN1,0.0,0.0,1.0,0.0,92
493,Tue Oct 02 13:29:05 +0000 2018,nytimes,"""I think the character is incredibly important, maybe now more than ever,"" said the writer of a new Captain Marvel‚Ä¶ https://t.co/vptSUR9HYE",0.2716,0.099,0.901,0.0,93
494,Tue Oct 02 13:15:07 +0000 2018,nytimes,RT @nytopinion: .@PaulKrugman: My guess is that Kavanaugh's privileged roots are precisely why he‚Äôs so angry https://t.co/9R4K79fdWt,-0.3272,0.131,0.677,0.192,94
495,Tue Oct 02 13:00:12 +0000 2018,nytimes,Morning¬†Briefing: Here's what you need to know to start your day https://t.co/wXfjnUG3Wd https://t.co/prXeCCDyYw,0.0,0.0,1.0,0.0,95
496,Tue Oct 02 12:44:03 +0000 2018,nytimes,"In an election year that has included alarming portents of global warming, the one place that climate change rarely‚Ä¶ https://t.co/jRRjeURwY0",0.0258,0.076,0.853,0.071,96
497,Tue Oct 02 12:30:10 +0000 2018,nytimes,Brett Kavanaugh's friends and former classmates have painted contrasting images of his past. Seth Meyers seized on‚Ä¶ https://t.co/BDOfTR1Aix,0.4767,0.154,0.846,0.0,97
498,Tue Oct 02 12:14:04 +0000 2018,nytimes,"Across the Carolinas, Florence remains far from over https://t.co/VxAHK484Af https://t.co/jtY6xN1DNx",0.0,0.0,1.0,0.0,98
499,Tue Oct 02 12:10:07 +0000 2018,nytimes,"Charles Aznavour's career spanned the history of the chanson realiste, the unvarnished tales of unrequited love, lo‚Ä¶ https://t.co/VEsYuHDGVv",0.6369,0.198,0.802,0.0,99
